-- phpMyAdmin SQL Dump
-- version 4.0.4.1
-- http://www.phpmyadmin.net
--
-- Host: 127.0.0.1
-- Generation Time: Feb 01, 2016 at 04:35 PM
-- Server version: 5.6.11
-- PHP Version: 5.5.3

SET SQL_MODE = "NO_AUTO_VALUE_ON_ZERO";
SET time_zone = "+00:00";


/*!40101 SET @OLD_CHARACTER_SET_CLIENT=@@CHARACTER_SET_CLIENT */;
/*!40101 SET @OLD_CHARACTER_SET_RESULTS=@@CHARACTER_SET_RESULTS */;
/*!40101 SET @OLD_COLLATION_CONNECTION=@@COLLATION_CONNECTION */;
/*!40101 SET NAMES utf8 */;

--
-- Database: `tuanvu-tr`
--
CREATE DATABASE IF NOT EXISTS `tuanvu-tr` DEFAULT CHARACTER SET utf8 COLLATE utf8_general_ci;
USE `tuanvu-tr`;

-- --------------------------------------------------------

--
-- Table structure for table `account`
--

CREATE TABLE IF NOT EXISTS `account` (
  `id` int(10) unsigned NOT NULL AUTO_INCREMENT,
  `username` varchar(50) NOT NULL,
  `email` varchar(100) DEFAULT NULL,
  `password` varchar(32) NOT NULL,
  `level` int(10) unsigned NOT NULL,
  `avatar` varchar(50) DEFAULT NULL,
  PRIMARY KEY (`id`)
) ENGINE=InnoDB  DEFAULT CHARSET=utf8 AUTO_INCREMENT=19 ;

--
-- Dumping data for table `account`
--

INSERT INTO `account` (`id`, `username`, `email`, `password`, `level`, `avatar`) VALUES
(15, 'admin', 'vu1111482@gmail.com', '827ccb0eea8a706c4c34a16891f84e7b', 1, '21232f297a57a5a743894a0e4a801fc3-1454339715.jpg'),
(18, 'admin2', 'vu111482@student.ctu.edu.vn', '827ccb0eea8a706c4c34a16891f84e7b', 1, 'yuki_tuanvu11447377939.jpg');

-- --------------------------------------------------------

--
-- Table structure for table `acticle`
--

CREATE TABLE IF NOT EXISTS `acticle` (
  `id` int(10) unsigned NOT NULL AUTO_INCREMENT,
  `acticle_name` varchar(100) DEFAULT NULL,
  `acticle_content` text,
  PRIMARY KEY (`id`)
) ENGINE=InnoDB  DEFAULT CHARSET=utf8 AUTO_INCREMENT=40 ;

--
-- Dumping data for table `acticle`
--

INSERT INTO `acticle` (`id`, `acticle_name`, `acticle_content`) VALUES
(23, 'aa', '<p>aa</p>\r\n'),
(25, 'aa', '<p>aa</p>\r\n'),
(26, 'aa', '<p>aa</p>\r\n'),
(29, 'aa', '<p>aa</p>\r\n'),
(30, 'aa', '<p>aa</p>\r\n'),
(33, 'Bộ Chính trị, Tổng Bí thư khoá XII sẽ được bầu vào ngày 27/1', '<h1>&nbsp;</h1>\r\n\r\n<p>Ng&agrave;y 27/1, Ban Chấp h&agrave;nh Trung ương kho&aacute; XII sẽ họp phi&ecirc;n thứ nhất bầu Bộ Ch&iacute;nh trị, Tổng B&iacute; thư, Ban B&iacute; thư, Uỷ ban kiểm tra v&agrave; Chủ nhiệm Uỷ ban kiểm tra Trung ương tại trụ sở Trung ương Đảng.</p>\r\n\r\n<ul>\r\n	<li><a href="http://vnexpress.net/tin-tuc/thoi-su/thong-qua-quy-che-bau-cu-dai-hoi-xii-3345544.html">Th&ocirc;ng qua quy chế bầu cử Đại hội XII</a></li>\r\n</ul>\r\n\r\n<p>Theo chương tr&igrave;nh Đại hội XII của Đảng, từ chiều 23/1 Đại hội sẽ thảo luận c&ocirc;ng t&aacute;c nh&acirc;n sự chủ chốt. Cụ thể, Ban Chấp h&agrave;nh Trung ương kh&oacute;a XI sẽ b&aacute;o c&aacute;o c&ocirc;ng t&aacute;c nh&acirc;n sự Ban Chấp h&agrave;nh Trung ương kh&oacute;a XII trước khi c&aacute;c đại biểu thảo luận v&agrave; biểu quyết về số lượng Ban Chấp h&agrave;nh Trung ương kh&oacute;a mới.</p>\r\n\r\n<table align="center" border="0" cellpadding="3" cellspacing="0" style="width:100%">\r\n	<tbody>\r\n		<tr>\r\n			<td><a href="http://vnexpress.net/interactive/2016/ban-chap-hanh-trung-uong-dang-khoa-11/bo-chinh-tri.html?utm_source=detail&amp;utm_medium=box_topic&amp;utm_campaign=boxtracking"><img alt="ngay-27-1-bau-tong-bi-thu-khoa-xii" src="http://img.f29.vnecdn.net/2016/01/21/500x300a-4293-1453282702-3458-5089-9276-1453383726.jpg" style="height:398px; width:694px" /></a></td>\r\n		</tr>\r\n		<tr>\r\n			<td>\r\n			<p>Ban chấp h&agrave;nh Trung ương kh&oacute;a XI. <a href="http://vnexpress.net/interactive/2016/ban-chap-hanh-trung-uong-dang-khoa-11/bo-chinh-tri.html?utm_source=detail&amp;utm_medium=box_topic&amp;utm_campaign=boxtracking">(Xem chi tiết).</a></p>\r\n			</td>\r\n		</tr>\r\n	</tbody>\r\n</table>\r\n\r\n<p>Chủ nhật, ng&agrave;y 24/1, đại hội l&agrave;m việc tại đo&agrave;n cả ng&agrave;y. C&aacute;c đo&agrave;n sẽ thảo luận về ti&ecirc;u chuẩn, cơ cấu Ban Chấp h&agrave;nh Trung ương kh&oacute;a XII sau đ&oacute; c&aacute;c Trưởng đo&agrave;n phổ biến b&aacute;o c&aacute;o của Đo&agrave;n Chủ tịch Đại hội về những th&ocirc;ng tin cần thiết trong danh s&aacute;ch giới thiệu nh&acirc;n sự ứng cử, đề cử Ban Chấp h&agrave;nh Trung ương kh&oacute;a XII do Ban chấp h&agrave;nh Trung ương kho&aacute; XI chuẩn bị.&nbsp;Buổi chiều, c&aacute;c đại biểu ghi phiếu ứng cử, đề cử v&agrave;o Ban chấp h&agrave;nh Trung ương kho&aacute; XII sau đ&oacute; Trưởng đo&agrave;n b&aacute;o c&aacute;o danh s&aacute;ch ứng cử, đề cử bổ sung.&nbsp;</p>\r\n\r\n<p>Đại biểu sẽ ghi phiếu xin r&uacute;t khỏi danh s&aacute;ch ứng cử, đề cử v&agrave;o Ban chấp h&agrave;nh Trung ương kho&aacute; XII (nếu c&oacute;) v&agrave;o s&aacute;ng 25/1, Đo&agrave;n chủ tịch sẽ họp để xem x&eacute;t c&aacute;c trường hợp xin r&uacute;t. Đại hội thực hiện quy tr&igrave;nh biểu quyết th&ocirc;ng qua danh s&aacute;ch ứng cử, đề cử, c&aacute;c trường hợp xin r&uacute;t trong buổi chiều c&ugrave;ng ng&agrave;y.</p>\r\n\r\n<p>Theo kế hoạch, 9h30 ng&agrave;y 26/1, Đại biểu tiến h&agrave;nh bỏ phiếu bầu Ban Chấp h&agrave;nh Trung ương kh&oacute;a XII. Chiều c&ugrave;ng ng&agrave;y, Ban kiểm phiếu b&aacute;o c&aacute;o kết quả bầu cử, c&ocirc;ng bố danh s&aacute;ch những người tr&uacute;ng cử v&agrave;o Ban chấp h&agrave;nh Trung ương kh&oacute;a XII.</p>\r\n\r\n<p>Ng&agrave;y 27/1, đại hội nghỉ. Ban Chấp h&agrave;nh Trung ương kho&aacute; XII sẽ họp phi&ecirc;n thứ nhất bầu Bộ Ch&iacute;nh trị, Tổng B&iacute; thư, Ban B&iacute; thư; Uỷ ban Kiểm tra Trung ương v&agrave; Chủ nhiệm Uỷ ban Kiểm tra Trung ương tại trụ sở Trung ương Đảng.</p>\r\n\r\n<p>Ban Chấp h&agrave;nh Trung ương kh&oacute;a XII sẽ b&aacute;o c&aacute;o Đại hội kết quả bầu Bộ Ch&iacute;nh trị, Tổng B&iacute; thư, Ban B&iacute; thư Ủy ban Kiểm tra Trung ương, Chủ nhiệm Ủy ban Kiểm tra Trung ương kh&oacute;a XII trước khi Tổng B&iacute; thư Ban Chấp h&agrave;nh Trung ương kh&oacute;a XII đọc diễn văn bế mạc Đại hội v&agrave;o s&aacute;ng 28/1.</p>\r\n');
INSERT INTO `acticle` (`id`, `acticle_name`, `acticle_content`) VALUES
(34, 'Australia ủng hộ tàu Mỹ tuần tra ở Hoàng Sa / Mỹ điều khu trục hạm áp sát đảo ở Hoàng Sa', '<ul>\r\n	<li>\r\n	<p><a href="http://vnexpress.net/tin-tuc/the-gioi/viet-nam-ton-trong-quyen-di-qua-vo-hai-cua-tau-my-o-hoang-sa-3350816.html"><img src="http://st.f1.vnecdn.net/responsive/i/v24/icons/icon_more2.gif" /></a></p>\r\n\r\n	<ul>\r\n		<li><strong><a href="http://vnexpress.net/tin-tuc/the-gioi/australia-ung-ho-tau-my-tuan-tra-o-hoang-sa-3350770.html">Australia ủng hộ t&agrave;u Mỹ tuần tra ở Ho&agrave;ng Sa</a> / <a href="http://vnexpress.net/tin-tuc/the-gioi/my-dieu-khu-truc-ham-ap-sat-dao-o-hoang-sa-3350651.html">Mỹ điều khu trục hạm &aacute;p s&aacute;t đảo ở Ho&agrave;ng Sa</a> </strong></li>\r\n	</ul>\r\n	</li>\r\n	<li>\r\n	<p><a href="http://vnexpress.net/photo/thoi-su/pho-hang-ma-tap-nap-truoc-ngay-ong-tao-ve-troi-3350711.html">Phố H&agrave;ng M&atilde; tập nập trước ng&agrave;y &ocirc;ng T&aacute;o về trời <img alt="" src="http://st.f1.vnecdn.net/responsive/i/v15/graphics/img_blank.gif" /></a></p>\r\n\r\n	<p><a href="http://vnexpress.net/photo/thoi-su/pho-hang-ma-tap-nap-truoc-ngay-ong-tao-ve-troi-3350711.html"><img alt="Phố Hàng Mã tập nập trước ngày ông Táo về trời" src="http://img.f32.vnecdn.net/2016/01/30/HUY-0982-1454168583_180x108.jpg" /></a> <a href="http://vnexpress.net/photo/thoi-su/pho-hang-ma-tap-nap-truoc-ngay-ong-tao-ve-troi-3350711.html">&nbsp;</a></p>\r\n\r\n	<p>Sắp đến ng&agrave;y c&uacute;ng &ocirc;ng C&ocirc;ng &ocirc;ng T&aacute;o, phố H&agrave;ng M&atilde; (H&agrave; Nội) nhộn nhịp kẻ mua người b&aacute;n.</p>\r\n\r\n	<ul>\r\n	</ul>\r\n	</li>\r\n	<li>\r\n	<p><a href="http://vnexpress.net/tin-tuc/the-gioi/nguoi-viet-5-chau/my-bat-duoc-tu-nhan-goc-viet-vuot-nguc-con-lai-3350833.html">Mỹ bắt được t&ugrave; nh&acirc;n gốc Việt vượt ngục c&ograve;n lại </a></p>\r\n\r\n	<p><a href="http://vnexpress.net/tin-tuc/the-gioi/nguoi-viet-5-chau/my-bat-duoc-tu-nhan-goc-viet-vuot-nguc-con-lai-3350833.html"><img alt="Mỹ bắt được tù nhân gốc Việt vượt ngục còn lại" src="http://img.f30.vnecdn.net/2016/01/31/tieu-6322-1454224569_180x108.jpg" /></a></p>\r\n\r\n	<p>Jonathan Tieu v&agrave; Hossein Nayeri, hai trong số ba kẻ trốn tho&aacute;t khỏi nh&agrave; t&ugrave; tuần trước, đ&atilde; bị cảnh s&aacute;t ph&aacute;t hiện khi ch&uacute;ng đến San Francisco.</p>\r\n\r\n	<ul>\r\n		<li><strong><a href="http://vnexpress.net/tin-tuc/the-gioi/nguoi-viet-5-chau/tu-nhan-vuot-nguc-goc-viet-ra-dau-thu-vi-bi-doa-giet-3350661.html">T&ugrave; nh&acirc;n vượt ngục gốc Việt ra đầu th&uacute; v&igrave; bị dọa giết</a> / <a href="http://vnexpress.net/tin-tuc/the-gioi/nguoi-viet-5-chau/my-bat-mot-ke-vuot-nguc-goc-viet-3350365.html">Mỹ bắt một kẻ vượt ngục gốc Việt</a> </strong></li>\r\n	</ul>\r\n	</li>\r\n	<li>\r\n	<p><a href="http://video.vnexpress.net/xa-hoi/hang-trieu-con-ca-chep-o-cho-ca-lon-nhat-thu-do-dip-tet-cong-tao-3350774.html">H&agrave;ng triệu con c&aacute; ch&eacute;p ở chợ c&aacute; lớn nhất thủ đ&ocirc; dịp Tết C&ocirc;ng T&aacute;o <img alt="" src="http://st.f1.vnecdn.net/responsive/i/v15/graphics/img_blank.gif" /></a></p>\r\n\r\n	<p><a href="http://video.vnexpress.net/xa-hoi/hang-trieu-con-ca-chep-o-cho-ca-lon-nhat-thu-do-dip-tet-cong-tao-3350774.html"><img alt="Hàng triệu con cá chép ở chợ cá lớn nhất thủ đô dịp Tết Công Táo" src="http://news.img.video.vnecdn.net/web/2016/01/31/hang-trieu-con-ca-chep-o-cho-ca-lon-nhat-thu-do-dip-tet-cong-tao-1454221632_180x108.jpg" /></a> <a href="http://video.vnexpress.net/xa-hoi/hang-trieu-con-ca-chep-o-cho-ca-lon-nhat-thu-do-dip-tet-cong-tao-3350774.html">&nbsp;</a></p>\r\n\r\n	<p>Chợ c&aacute; Sở Thượng (Y&ecirc;n Sở, Ho&agrave;ng Mai, H&agrave; Nội) mỗi ng&agrave;y c&oacute; h&agrave;ng trăm xe tải chở c&aacute; từ c&aacute;c tỉnh đổ về bu&ocirc;n b&aacute;n c&aacute;c loại ch&eacute;p Tam Dương, ch&eacute;p nghệ, ch&eacute;p ớt đỏ&hellip;</p>\r\n\r\n	<ul>\r\n	</ul>\r\n	</li>\r\n	<li>\r\n	<p><a href="http://vnexpress.net/tin-tuc/thoi-su/dong-dat-manh-3-7-do-richter-o-quang-nam-3350783.html">Động đất mạnh 3,7 độ richter ở Quảng Nam </a></p>\r\n\r\n	<p><a href="http://vnexpress.net/tin-tuc/thoi-su/dong-dat-manh-3-7-do-richter-o-quang-nam-3350783.html"><img alt="Động đất mạnh 3,7 độ richter ở Quảng Nam" src="http://img.f30.vnecdn.net/2016/01/31/anhdongdat-1454207990_180x108.jpg" /></a></p>\r\n\r\n	<p>Trận động đất mạnh nhất trong v&ograve;ng 2 năm qua xảy ra ở khu vực thủy điện S&ocirc;ng Tranh 2 (Quảng Nam).</p>\r\n\r\n	<ul>\r\n		<li><strong><a href="http://vnexpress.net/tin-tuc/thoi-su/dong-dat-khien-ho-thuy-dien-day-song-3347440.html">Động đất khiến hồ thủy điện dậy s&oacute;ng</a> </strong></li>\r\n	</ul>\r\n	</li>\r\n	<li>\r\n	<p><a href="http://vnexpress.net/tin-tuc/thoi-su/thiet-hai-hang-chuc-ty-trong-vu-chay-gara-oto-o-sai-gon-3350671.html">Thiệt hại h&agrave;ng chục tỷ trong vụ ch&aacute;y gara &ocirc;t&ocirc; ở S&agrave;i G&ograve;n <img alt="" src="http://st.f1.vnecdn.net/responsive/i/v15/graphics/img_blank.gif" /></a></p>\r\n\r\n	<p><a href="http://vnexpress.net/tin-tuc/thoi-su/thiet-hai-hang-chuc-ty-trong-vu-chay-gara-oto-o-sai-gon-3350671.html"><img alt="Thiệt hại hàng chục tỷ trong vụ cháy gara ôtô ở Sài Gòn" src="http://img.f29.vnecdn.net/2016/01/30/xe-sieu-sang-7644-1454161197-6484-1454166860_180x108.jpg" /></a></p>\r\n\r\n	<p>Gần chục &ocirc;t&ocirc; sang v&agrave; h&agrave;ng trăm điện thoại bị thi&ecirc;u rụi, ước t&iacute;nh thiệt hại h&agrave;ng chục tỷ đồng trong vụ hỏa hoạn tr&ecirc;n đường Cống Quỳnh (quận 1, TP HCM).</p>\r\n\r\n	<ul>\r\n		<li><strong><a href="http://vnexpress.net/photo/thoi-su/nhieu-xe-sang-dien-thoai-chay-rui-trong-tran-hoa-hoan-o-sai-gon-3350632.html">Nhiều xe sang, điện thoại ch&aacute;y rụi trong trận hỏa hoạn ở S&agrave;i G&ograve;n</a> / <a href="http://vnexpress.net/tin-tuc/thoi-su/chay-gara-o-trung-tam-sai-gon-10-oto-bi-thieu-rui-3350581.html">Ch&aacute;y gara ở trung t&acirc;m S&agrave;i G&ograve;n, 10 &ocirc;t&ocirc; bị thi&ecirc;u rụi</a> </strong></li>\r\n	</ul>\r\n	</li>\r\n	<li>\r\n	<p><a href="http://sohoa.vnexpress.net/tin-tuc/san-pham/dien-thoai/samsung-nang-cap-galaxy-s6-s6e-len-android-moi-nhat-3350772.html">Samsung n&acirc;ng cấp Galaxy S6, S6e l&ecirc;n Android mới nhất </a></p>\r\n\r\n	<p><a href="http://sohoa.vnexpress.net/tin-tuc/san-pham/dien-thoai/samsung-nang-cap-galaxy-s6-s6e-len-android-moi-nhat-3350772.html"><img alt="Samsung nâng cấp Galaxy S6, S6e lên Android mới nhất" src="http://img.f7.sohoa.vnecdn.net/2016/01/31/Samsung-Galaxy-S6-6-0-beta004-7890-1454206081_180x108.jpg" /></a></p>\r\n\r\n	<p>Tuy nhi&ecirc;n, việc cập nhật Android 6.0 MarshMallow mới chỉ d&agrave;nh cho d&ograve;ng m&aacute;y được ph&acirc;n phối tại thị trường H&agrave;n Quốc.</p>\r\n\r\n	<ul>\r\n		<li><strong><a href="http://sohoa.vnexpress.net/danh-gia/dien-thoai/galaxy-s6-edge-smartphone-dep-la-3206865.html">Galaxy S6 Edge - smartphone đẹp, lạ</a> / <a href="http://sohoa.vnexpress.net/danh-gia/dien-thoai/danh-gia-galaxy-s6-smartphone-dang-gia-nhat-cua-samsung-3199261.html">Đ&aacute;nh gi&aacute; Galaxy S6 - smartphone đ&aacute;ng gi&aacute; nhất của Samsung</a> </strong></li>\r\n	</ul>\r\n	</li>\r\n	<li>\r\n	<p><a href="http://vnexpress.net/tin-tuc/thoi-su/chuyen-it-biet-ve-vi-vua-len-ngoi-2-lan-va-lay-vo-tay-3350310.html">Chuyện &iacute;t biết về vị vua l&ecirc;n ng&ocirc;i 2 lần v&agrave; lấy vợ T&acirc;y </a></p>\r\n\r\n	<p><a href="http://vnexpress.net/tin-tuc/thoi-su/chuyen-it-biet-ve-vi-vua-len-ngoi-2-lan-va-lay-vo-tay-3350310.html"><img alt="Chuyện ít biết về vị vua lên ngôi 2 lần và lấy vợ Tây" src="http://img.f32.vnecdn.net/2016/01/31/tuong-2-5461-1454092775-4048-1-1386-7160-1454175978_180x108.jpg" /></a></p>\r\n\r\n	<p>Hai lần thống trị ngai v&agrave;ng, L&ecirc; Thần T&ocirc;ng c&oacute; 4 người con li&ecirc;n tiếp l&agrave;m vua v&agrave; l&agrave; người đầu ti&ecirc;n lấy vợ T&acirc;y - được xem l&agrave; vị vua c&oacute; nhiều &quot;kỷ lục&quot; nhất trong sử <a href="http://vnexpress.net/tin-tuc/thoi-su/chuyen-it-biet-ve-vi-vua-len-ngoi-2-lan-va-lay-vo-tay-3350310.html"><img src="http://st.f1.vnecdn.net/responsive/i/v24/icons/icon_more2.gif" /></a></p>\r\n\r\n	<ul>\r\n	</ul>\r\n	</li>\r\n	<li>\r\n	<p><a href="http://thethao.vnexpress.net/tin-tuc/tuong-thuat/messi-suarez-toa-sang-barca-ha-do-van-atletico-3350685.html">Messi, Suarez tỏa s&aacute;ng, Barca hạ đo v&aacute;n Atletico </a></p>\r\n\r\n	<p><a href="http://thethao.vnexpress.net/tin-tuc/tuong-thuat/messi-suarez-toa-sang-barca-ha-do-van-atletico-3350685.html"><img alt="Messi, Suarez tỏa sáng, Barca hạ đo ván Atletico" src="http://img.f2.thethao.vnecdn.net/2016/01/31/mes-4033-1454177503_180x108.jpg" /></a></p>\r\n\r\n	<p>Barca c&oacute; được chiến thắng quan trọng trong cuộc đua Liga khi đ&aacute;nh bại đối thủ cạnh tranh trực tiếp Atletico Madrid với tỷ số 2-1 ở v&ograve;ng 22, tr&ecirc;n s&acirc;n Nou Camp <a href="http://thethao.vnexpress.net/tin-tuc/tuong-thuat/messi-suarez-toa-sang-barca-ha-do-van-atletico-3350685.html"><img src="http://st.f1.vnecdn.net/responsive/i/v24/icons/icon_more2.gif" /></a></p>\r\n\r\n	<ul>\r\n	</ul>\r\n	</li>\r\n	<li>\r\n	<p><a href="http://vnexpress.net/tin-tuc/the-gioi/tu-lieu/diem-yeu-cua-phi-doi-oanh-tac-co-chien-luoc-my-3350594.html">Điểm yếu của phi đội oanh tạc cơ chiến lược Mỹ </a></p>\r\n\r\n	<p><a href="http://vnexpress.net/tin-tuc/the-gioi/tu-lieu/diem-yeu-cua-phi-doi-oanh-tac-co-chien-luoc-my-3350594.html"><img alt="Điểm yếu của phi đội oanh tạc cơ chiến lược Mỹ" src="http://img.f30.vnecdn.net/2016/01/30/1-1454140922_180x108.jpg" /></a></p>\r\n\r\n	<p>Mỹ đang mất dần c&aacute;c ưu thế chiến lược tr&ecirc;n kh&ocirc;ng khi số lượng m&aacute;y bay n&eacute;m bom B-2 qu&aacute; &iacute;t ỏi, trong khi chương tr&igrave;nh sản xuất m&aacute;y bay mới đang đ&igrave;nh trệ.</p>\r\n\r\n	<ul>\r\n		<li><strong><a href="http://vnexpress.net/tin-tuc/the-gioi/my-dua-oanh-tac-co-b-2-toi-guam-ho-tro-han-quoc-3269620.html">Mỹ đưa oanh tạc cơ B-2 tới Guam hỗ trợ H&agrave;n Quốc</a> / <a href="http://vnexpress.net/tin-tuc/the-gioi/tu-lieu/dien-mao-oanh-tac-co-tam-xa-tuong-lai-cua-my-3277323.html">Diện mạo oanh tạc cơ tầm xa tương lai của Mỹ</a> </strong></li>\r\n	</ul>\r\n	</li>\r\n	<li>\r\n	<p><a href="http://vnexpress.net/photo/thoi-su/dan-xe-keo-hung-hau-o-cua-khau-hoanh-mo-3344146.html">D&agrave;n xe k&eacute;o h&ugrave;ng hậu ở cửa khẩu Ho&agrave;nh M&ocirc; </a></p>\r\n\r\n	<p><a href="http://vnexpress.net/photo/thoi-su/dan-xe-keo-hung-hau-o-cua-khau-hoanh-mo-3344146.html"><img alt="Dàn xe kéo hùng hậu ở cửa khẩu Hoành Mô" src="http://img.f31.vnecdn.net/2016/01/18/anh-2-1453079744_180x108.jpg" /></a> <a href="http://vnexpress.net/photo/thoi-su/dan-xe-keo-hung-hau-o-cua-khau-hoanh-mo-3344146.html">&nbsp;</a></p>\r\n\r\n	<p>Mỗi ng&agrave;y tại cửa khẩu Ho&agrave;nh M&ocirc; (B&igrave;nh Li&ecirc;u, Quảng Ninh) c&oacute; h&agrave;ng trăm xe k&eacute;o hai b&aacute;nh vận chuyển h&agrave;ng h&oacute;a qua lại Việt Nam - Trung Quốc.</p>\r\n\r\n	<ul>\r\n	</ul>\r\n	</li>\r\n	<li>\r\n	<p><a href="http://vnexpress.net/tin-tuc/thoi-su/giao-thong/don-ban-ve-an-tet-hai-thanh-nien-tu-vong-sau-va-cham-voi-xe-tai-3350773.html">Đ&oacute;n bạn về ăn Tết, hai thanh ni&ecirc;n tử vong sau va chạm với xe tải </a></p>\r\n\r\n	<p><a href="http://vnexpress.net/tin-tuc/thoi-su/giao-thong/don-ban-ve-an-tet-hai-thanh-nien-tu-vong-sau-va-cham-voi-xe-tai-3350773.html"><img alt="Đón bạn về ăn Tết, hai thanh niên tử vong sau va chạm với xe tải" src="http://img.f29.vnecdn.net/2016/01/31/img1189-1454205740_180x108.jpg" /></a></p>\r\n\r\n	<p>Tr&ecirc;n đường chở bạn về nh&agrave; đo&agrave;n tụ với gia đ&igrave;nh đ&oacute;n Tết, hai thanh ni&ecirc;n người H&agrave; Tĩnh đ&atilde; va chạm với xe tải khiến tử vong.</p>\r\n\r\n	<ul>\r\n	</ul>\r\n	</li>\r\n	<li>\r\n	<p><a href="http://vnexpress.net/tin-tuc/phap-luat/bi-kich-tu-cai-tat-cua-ong-lao-doc-nhan-3350759.html">Bi kịch từ c&aacute;i t&aacute;t của &ocirc;ng l&atilde;o &#39;độc nh&atilde;n&#39; </a></p>\r\n\r\n	<p><a href="http://vnexpress.net/tin-tuc/phap-luat/bi-kich-tu-cai-tat-cua-ong-lao-doc-nhan-3350759.html"><img alt="Bi kịch từ cái tát của ông lão ''độc nhãn''" src="http://img.f31.vnecdn.net/2016/01/31/minh-1454203809_180x108.jpg" /></a></p>\r\n\r\n	<p>Bệnh tật triền mi&ecirc;n c&ugrave;ng với mẹ gi&agrave; cần chăm s&oacute;c, song &ocirc;ng Minh vướng lao l&yacute; sau c&aacute;i t&aacute;t cướp sinh mạng của người em họ.</p>\r\n\r\n	<ul>\r\n	</ul>\r\n	</li>\r\n	<li>\r\n	<p><a href="http://giadinh.vnexpress.net/tin-tuc/to-am/co-gai-sai-gon-chinh-phuc-trai-tim-chang-si-quan-tau-bien-phap-3350147.html">C&ocirc; g&aacute;i S&agrave;i G&ograve;n chinh phục tr&aacute;i tim ch&agrave;ng sĩ quan t&agrave;u biển Ph&aacute;p </a></p>\r\n\r\n	<p><a href="http://giadinh.vnexpress.net/tin-tuc/to-am/co-gai-sai-gon-chinh-phuc-trai-tim-chang-si-quan-tau-bien-phap-3350147.html"><img alt="Cô gái Sài Gòn chinh phục trái tim chàng sĩ quan tàu biển Pháp" src="http://img.f13.giadinh.vnecdn.net/2016/01/29/xinh1-1454059359_180x108.jpg" /></a></p>\r\n\r\n	<p>Giữa qu&aacute;n bar x&ocirc; bồ, Antoine kh&ocirc;ng thể rời mắt khỏi c&ocirc; g&aacute;i Việt nhỏ nhắn, t&oacute;c đu&ocirc;i g&agrave;, kh&ocirc;ng trang điểm v&agrave; ngồi một m&igrave;nh ở g&oacute;c b&agrave;n xa.</p>\r\n\r\n	<ul>\r\n		<li><strong><a href="http://giadinh.vnexpress.net/tin-tuc/to-am/chang-y-ta-truong-bay-nu-a-vo-ng-tra-i-da-t-de-ca-u-hon-co-gai-viet-3349209.html">Ch&agrave;ng y tá trưởng bay nửa vòng trái đ&acirc;́t đ&ecirc;̉ c&acirc;̀u h&ocirc;n c&ocirc; g&aacute;i Việt</a> </strong></li>\r\n	</ul>\r\n	</li>\r\n</ul>\r\n\r\n<p><a href="http://video.vnexpress.net/">Video</a></p>\r\n\r\n<p><a href="http://video.vnexpress.net/xa-hoi/nuoc-mat-cua-nguoi-nuoi-ca-vuoc-3350688.html">Nước mắt của người nu&ocirc;i c&aacute; vược</a></p>\r\n\r\n<p>Mưa r&eacute;t đ&atilde; l&agrave;m chết h&agrave;ng chục tấn c&aacute; vược, x&oacute;t của, n&ocirc;ng d&acirc;n vớt mang b&aacute;n mong thu hồi lại một phần vốn đầu tư.</p>\r\n\r\n<p><a href="javascript:;">&nbsp;</a> <a href="javascript:;">&nbsp;</a></p>\r\n\r\n<p><a href="http://vnexpress.net/tin-tuc/thoi-su" onclick="">Thời sự</a></p>\r\n\r\n<p><a href="http://vnexpress.net/tin-tuc/thoi-su/thi-the-nu-doanh-nhan-ha-linh-duoc-dua-ve-nuoc-truoc-tet-3350665.html" onclick="">Thi thể nữ doanh nh&acirc;n H&agrave; Linh được đưa về nước trước Tết </a></p>\r\n\r\n<p><a href="http://vnexpress.net/tin-tuc/thoi-su/thi-the-nu-doanh-nhan-ha-linh-duoc-dua-ve-nuoc-truoc-tet-3350665.html" onclick=""><img alt="Thi thể nữ doanh nhân Hà Linh được đưa về nước trước Tết" src="http://img.f32.vnecdn.net/2016/01/30/halinh5181144314989482371448967212-1454153544_180x108.jpg" /></a></p>\r\n\r\n<p>Sau hơn 4 th&aacute;ng bị s&aacute;t hại ở Trung Quốc, thi thể nữ doanh nh&acirc;n trẻ ng&agrave;nh tr&agrave; ở tỉnh L&acirc;m Đồng sẽ được đưa về nước an t&aacute;ng trước <a href="http://vnexpress.net/tin-tuc/thoi-su/thi-the-nu-doanh-nhan-ha-linh-duoc-dua-ve-nuoc-truoc-tet-3350665.html"><img src="http://st.f1.vnecdn.net/responsive/i/v24/icons/icon_more2.gif" /></a></p>\r\n\r\n<ul>\r\n	<li>\r\n	<p><strong><a href="http://vnexpress.net/photo/thoi-su/xem-co-vat-3-000-nam-truoc-o-binh-thuan-3350738.html" onclick="">Xem cổ vật 3.000 năm trước ở B&igrave;nh Thuận <img alt="" src="http://st.f1.vnecdn.net/responsive/i/v15/graphics/img_blank.gif" /></a> </strong></p>\r\n	</li>\r\n	<li>\r\n	<p><strong><a href="http://vnexpress.net/tin-tuc/thoi-su/giao-thong/de-xuat-xay-dung-san-bay-lao-cai-o-huyen-bao-yen-3350801.html" onclick="">Đề xuất x&acirc;y dựng s&acirc;n bay L&agrave;o Cai ở huyện Bảo Y&ecirc;n </a> </strong></p>\r\n	</li>\r\n</ul>\r\n\r\n<p><a href="http://vnexpress.net/tin-tuc/the-gioi" onclick="">Thế giới</a></p>\r\n\r\n<p><a href="http://vnexpress.net/tin-tuc/the-gioi/tu-lieu" onclick="" target="">Tư liệu</a> <a href="http://vnexpress.net/tin-tuc/the-gioi/phan-tich" onclick="" target="">Ph&acirc;n t&iacute;ch</a> <a href="http://vnexpress.net/tin-tuc/the-gioi/cuoc-song-do-day" onclick="" target="">Cuộc sống đ&oacute; đ&acirc;y</a></p>\r\n\r\n<p><a href="http://vnexpress.net/tin-tuc/the-gioi/australia-ung-ho-tau-my-tuan-tra-o-hoang-sa-3350770.html" onclick="">Australia ủng hộ t&agrave;u Mỹ tuần tra ở Ho&agrave;ng Sa </a></p>\r\n\r\n<p><a href="http://vnexpress.net/tin-tuc/the-gioi/australia-ung-ho-tau-my-tuan-tra-o-hoang-sa-3350770.html" onclick=""><img alt="Australia ủng hộ tàu Mỹ tuần tra ở Hoàng Sa" src="http://img.f29.vnecdn.net/2016/01/31/uc2-9286-1454207434_180x108.jpg" /></a></p>\r\n\r\n<p>Bộ trưởng Quốc ph&ograve;ng Australia cho rằng việc khu trục hạm USS Curtis Wilbur của Mỹ tuần tra ở Biển Đ&ocirc;ng l&agrave; nhằm bảo vệ luật ph&aacute;p quốc tế.</p>\r\n\r\n<ul>\r\n	<li>\r\n	<p><strong><a href="http://vnexpress.net/tin-tuc/the-gioi/nga-bac-tin-chien-dau-co-su-34-vi-pham-khong-phan-tho-nhi-ky-3350739.html" onclick="">Nga b&aacute;c tin chiến đấu cơ Su-34 vi phạm kh&ocirc;ng phận Thổ Nhĩ Kỳ </a> </strong></p>\r\n	</li>\r\n	<li>\r\n	<p><strong><a href="http://vnexpress.net/tin-tuc/the-gioi/4-trieu-usd-bi-bien-thu-tu-cac-cong-ty-nha-nuoc-malaysia-3350752.html" onclick="">4 triệu USD bị biển thủ từ c&aacute;c c&ocirc;ng ty nh&agrave; nước Malaysia </a> </strong></p>\r\n	</li>\r\n</ul>\r\n\r\n<p><a href="http://vnexpress.net/tin-tuc/phap-luat" onclick="">Ph&aacute;p luật</a></p>\r\n\r\n<p><a href="http://vnexpress.net/tin-tuc/phap-luat/ho-so-pha-an" onclick="" target="">Hồ sơ ph&aacute; &aacute;n</a> <a href="http://vnexpress.net/tin-tuc/phap-luat/tu-van" onclick="" target="">Tư vấn</a></p>\r\n\r\n<p><a href="http://vnexpress.net/tin-tuc/phap-luat/gai-ban-dam-nhan-tin-ga-khach-qua-dem-3350767.html" onclick="">G&aacute;i b&aacute;n d&acirc;m nhắn tin gạ kh&aacute;ch qua đ&ecirc;m </a></p>\r\n\r\n<p><a href="http://vnexpress.net/tin-tuc/phap-luat/gai-ban-dam-nhan-tin-ga-khach-qua-dem-3350767.html" onclick=""><img alt="Gái bán dâm nhắn tin gạ khách qua đêm" src="http://img.f32.vnecdn.net/2016/01/31/tin-1454204913_180x108.jpg" /></a></p>\r\n\r\n<p>Thấy thanh ni&ecirc;n để lại số điện thoại tr&ecirc;n trang mạng x&atilde; hội sau lời nhắn muốn mua d&acirc;m, Hường li&ecirc;n lạc, thoả thuận gi&aacute; 1,5 triệu đồng qua đ&ecirc;m. <a href="http://vnexpress.net/tin-tuc/phap-luat/gai-ban-dam-nhan-tin-ga-khach-qua-dem-3350767.html"><img src="http://st.f1.vnecdn.net/responsive/i/v24/icons/icon_more2.gif" /></a></p>\r\n\r\n<ul>\r\n	<li>\r\n	<p><strong><a href="http://vnexpress.net/tin-tuc/phap-luat/cu-gia-ban-ve-so-bi-2-ten-cuop-keo-le-tren-duong-3350657.html" onclick="">Cụ gi&agrave; b&aacute;n v&eacute; số bị 2 t&ecirc;n cướp k&eacute;o l&ecirc; tr&ecirc;n đường </a> </strong></p>\r\n	</li>\r\n	<li>\r\n	<p><strong><a href="http://vnexpress.net/tin-tuc/phap-luat/can-bo-hai-quan-tiep-tay-buon-lau-hang-cam-3350272.html" onclick="">C&aacute;n bộ hải quan tiếp tay bu&ocirc;n lậu h&agrave;ng cấm </a> </strong></p>\r\n	</li>\r\n</ul>\r\n\r\n<p><a href="http://vnexpress.net/tin-tuc/cong-dong" onclick="">Cộng đồng</a></p>\r\n\r\n<p><a href="http://vnexpress.net/tin-tuc/cong-dong/video" onclick="" target="">Video</a> <a href="http://vnexpress.net/tin-tuc/cong-dong/anh" onclick="" target="">Ảnh</a> <a href="http://vnexpress.net/tin-tuc/cong-dong/y-kien-cua-toi" onclick="" target="">&Yacute; kiến của t&ocirc;i</a></p>\r\n\r\n<p><a href="http://vnexpress.net/tin-tuc/cong-dong/sam-hoi-cua-thieu-nu-dung-giay-cao-got-danh-chet-nguoi-nong-tren-mang-xh-3350650.html" onclick="">&lsquo;S&aacute;m hối của thiếu nữ d&ugrave;ng gi&agrave;y cao g&oacute;t đ&aacute;nh chết người&rsquo; n&oacute;ng tr&ecirc;n mạng XH </a></p>\r\n\r\n<p><a href="http://vnexpress.net/tin-tuc/cong-dong/sam-hoi-cua-thieu-nu-dung-giay-cao-got-danh-chet-nguoi-nong-tren-mang-xh-3350650.html" onclick=""><img alt="‘Sám hối của thiếu nữ dùng giày cao gót đánh chết người’ nóng trên mạng XH" src="http://img.f31.vnecdn.net/2016/01/30/1_1454144637_1454145422_180x108.jpg" /></a></p>\r\n\r\n<p>Trong trại giam, Thu Ho&agrave;i vẫn lu&ocirc;n cầu nguyện s&aacute;m hối, mong được nạn nh&acirc;n tha thứ - c&acirc;u chuyện đang thu h&uacute;t sự quan t&acirc;m của cộng đồng.</p>\r\n\r\n<ul>\r\n	<li>\r\n	<p><strong><a href="http://vnexpress.net/tin-tuc/cong-dong/y-kien-cua-toi/4-ten-du-con-tran-lot-toi-1-2-trieu-dong-sua-xe-may-ben-xa-lo-3350623.html" onclick="">4 t&ecirc;n du c&ocirc;n trấn lột t&ocirc;i 1,2 triệu đồng sửa xe m&aacute;y b&ecirc;n xa lộ </a> </strong></p>\r\n	</li>\r\n	<li>\r\n	<p><strong><a href="http://vnexpress.net/tin-tuc/cong-dong/y-kien-cua-toi/nhung-loa-phong-thanh-dang-hanh-ha-nguoi-dan-3350144.html" onclick="">Những loa ph&oacute;ng thanh đang &#39;h&agrave;nh hạ người d&acirc;n&#39; </a> </strong></p>\r\n	</li>\r\n</ul>\r\n\r\n<p><a href="http://vnexpress.net/tin-tuc/anh" onclick="">Ảnh</a></p>\r\n\r\n<p><a href="http://vnexpress.net/photo/thoi-su/lang-ban-ca-chep-tien-tao-quan-ve-troi-3350679.html" onclick=""><img alt="Làng bán cá chép tiễn Táo quân về trời" src="http://img.f30.vnecdn.net/2016/01/30/lang-ca-11-1454162177_490x294.jpg" /></a> <a href="http://vnexpress.net/photo/thoi-su/lang-ban-ca-chep-tien-tao-quan-ve-troi-3350679.html">&nbsp;</a></p>\r\n\r\n<p><a href="http://vnexpress.net/photo/thoi-su/lang-ban-ca-chep-tien-tao-quan-ve-troi-3350679.html" onclick="">L&agrave;ng b&aacute;n c&aacute; ch&eacute;p tiễn T&aacute;o qu&acirc;n về trời <img alt="" src="http://st.f1.vnecdn.net/responsive/i/v15/graphics/img_blank.gif" /></a></p>\r\n\r\n<p>S&aacute;t ng&agrave;y 23 th&aacute;ng chạp &acirc;m lịch, l&agrave;ng nghề c&aacute; ch&eacute;p Hội Am (x&atilde; Cao Minh, Vĩnh Bảo, Hải Ph&ograve;ng) nhộn nhịp người mua kẻ b&aacute;n.</p>\r\n\r\n<ul>\r\n	<li>\r\n	<p><a href="http://giaitri.vnexpress.net/photo/quoc-te/tinh-yeu-lang-man-cua-vo-chong-chan-tu-dan-3350473.html" onclick=""><img alt="Tình yêu lãng mạn của vợ chồng Chân Tử Đan" src="http://img.f12.giaitri.vnecdn.net/2016/01/30/tinh-yeu-lang-man-cua-vo-chong-chan-tu-dan-1454122002_180x108.jpg" /></a> <a href="http://giaitri.vnexpress.net/photo/quoc-te/tinh-yeu-lang-man-cua-vo-chong-chan-tu-dan-3350473.html">&nbsp;</a></p>\r\n	<strong><a href="http://giaitri.vnexpress.net/photo/quoc-te/tinh-yeu-lang-man-cua-vo-chong-chan-tu-dan-3350473.html" onclick="">T&igrave;nh y&ecirc;u l&atilde;ng mạn của vợ chồng Ch&acirc;n Tử Đan</a></strong></li>\r\n	<li>\r\n	<p><a href="http://dulich.vnexpress.net/photo/anh-video/cha-ca-mon-an-viet-duoc-nhieu-du-khach-ua-thich-3350530.html" onclick=""><img alt="Chả cá - món ăn Việt được nhiều du khách ưa thích" src="http://img.f36.dulich.vnecdn.net/2016/01/30/13-1454124736_180x108.jpg" /></a> <a href="http://dulich.vnexpress.net/photo/anh-video/cha-ca-mon-an-viet-duoc-nhieu-du-khach-ua-thich-3350530.html">&nbsp;</a></p>\r\n	<strong><a href="http://dulich.vnexpress.net/photo/anh-video/cha-ca-mon-an-viet-duoc-nhieu-du-khach-ua-thich-3350530.html" onclick="">Chả c&aacute; - m&oacute;n ăn Việt được nhiều du kh&aacute;ch ưa th&iacute;ch</a></strong></li>\r\n</ul>\r\n\r\n<p><a href="http://thethao.vnexpress.net" onclick="">Thể thao</a></p>\r\n\r\n<p><a href="http://thethao.vnexpress.net/video" onclick="" target="">Video</a> <a href="http://thethao.vnexpress.net/tin-tuc/bong-da" onclick="" target="">B&oacute;ng đ&aacute;</a> <a href="http://thethao.vnexpress.net/tin-tuc/tennis" onclick="" target="">Tennis</a> <a href="http://thethao.vnexpress.net/tin-tuc/cac-mon-khac" onclick="" target="">C&aacute;c m&ocirc;n kh&aacute;c</a> <a href="http://thethao.vnexpress.net/tin-tuc/hau-truong" onclick="" target="">Hậu trường</a></p>\r\n\r\n<p><a href="http://thethao.vnexpress.net/tin-tuc/tuong-thuat/chung-ket-australia-mo-rong-djokovic-murray-3350837.html" onclick="">Chung kết Australia Mở rộng: Djokovic - Murray <img alt="" src="http://st.f1.vnecdn.net/responsive/i/v15/graphics/img_blank.gif" /></a></p>\r\n\r\n<p><a href="http://thethao.vnexpress.net/tin-tuc/tuong-thuat/chung-ket-australia-mo-rong-djokovic-murray-3350837.html" onclick=""><img alt="Chung kết Australia Mở rộng: Djokovic - Murray" src="http://img.f2.thethao.vnecdn.net/2016/01/31/g-djokovicMurray-1995-1454226571_180x108.jpg" /></a></p>\r\n\r\n<p>Tay vợt người Scotland đ&oacute;ng vai kẻ th&aacute;ch thức Djokovic, tr&ecirc;n con đường chinh phục danh hiệu Grand Slam thứ 11. Bắt đầu l&uacute;c 15h45.</p>\r\n\r\n<ul>\r\n	<li>\r\n	<p><strong><a href="http://thethao.vnexpress.net/tin-tuc/giai-ngoai-hang-anh/pato-den-chelsea-tro-lai-voi-nhung-giac-mo-dang-do-3350625.html" onclick="">Pato đến Chelsea: Trở lại với những giấc mơ dang dở </a> </strong></p>\r\n	</li>\r\n	<li>\r\n	<p><strong><a href="http://thethao.vnexpress.net/tin-tuc/cac-giai-khac/sanchez-ghi-ban-dua-arsenal-vao-vong-nam-fa-cup-3350740.html" onclick="">Sanchez ghi b&agrave;n, đưa Arsenal v&agrave;o v&ograve;ng năm FA Cup <img alt="" src="http://st.f1.vnecdn.net/responsive/i/v15/graphics/img_blank.gif" /></a> </strong></p>\r\n	</li>\r\n</ul>\r\n\r\n<p><a href="http://kinhdoanh.vnexpress.net" onclick="">Kinh doanh</a></p>\r\n\r\n<p><a href="http://kinhdoanh.vnexpress.net/tin-tuc/doanh-nghiep" onclick="" target="">Doanh nghiệp</a> <a href="http://kinhdoanh.vnexpress.net/tin-tuc/bat-dong-san" onclick="" target="">Bất động sản</a> <a href="http://kinhdoanh.vnexpress.net/tin-tuc/ebank" onclick="" target="">Ebank</a> <a href="http://vepf.vnexpress.net/" onclick="" target="_blank">VEPF 2015</a></p>\r\n\r\n<p><a href="http://kinhdoanh.vnexpress.net/tin-tuc/hang-hoa/thit-ga-dat-hang-truoc-ngay-ong-tao-do-le-chenh-gia-lon-3350822.html" onclick="">Thịt g&agrave; đắt h&agrave;ng trước ng&agrave;y &ocirc;ng T&aacute;o, đồ lễ ch&ecirc;nh gi&aacute; lớn </a></p>\r\n\r\n<p><a href="http://kinhdoanh.vnexpress.net/tin-tuc/hang-hoa/thit-ga-dat-hang-truoc-ngay-ong-tao-do-le-chenh-gia-lon-3350822.html" onclick=""><img alt="Thịt gà đắt hàng trước ngày ông Táo, đồ lễ chênh giá lớn" src="http://img.f27.kinhdoanh.vnecdn.net/2016/01/31/HUY-1169-1401-1454223162-4076-1454229279_180x108.jpg" /></a></p>\r\n\r\n<p>Nhiều gia đ&igrave;nh tranh thủ l&agrave;m cỗ c&uacute;ng &ocirc;ng C&ocirc;ng, &ocirc;ng T&aacute;o trong ng&agrave;y cuối tuần khiến mặt bằng gi&aacute; thực phẩm tăng nhẹ.</p>\r\n\r\n<ul>\r\n	<li>\r\n	<p><strong><a href="http://kinhdoanh.vnexpress.net/photo/quoc-te/nhung-kieu-thuong-tet-ky-quac-tai-trung-quoc-3349779.html" onclick="">Những kiểu thưởng Tết kỳ quặc tại Trung Quốc <img alt="" src="http://st.f1.vnecdn.net/responsive/i/v15/graphics/img_blank.gif" /></a> </strong></p>\r\n	</li>\r\n	<li>\r\n	<p><strong><a href="http://kinhdoanh.vnexpress.net/tin-tuc/hang-hoa/ca-p-khe-tren-100-tuo-i-gia-hon-1-2-ty-dong-o-sa-i-go-n-3350703.html" onclick="">Cặp kh&ecirc;́ tr&ecirc;n 100 tu&ocirc;̉i giá hơn 1,2 tỷ đồng ở Sài Gòn </a> </strong></p>\r\n	</li>\r\n</ul>\r\n\r\n<p><a href="http://suckhoe.vnexpress.net" onclick="">Sức khỏe</a></p>\r\n\r\n<p><a href="http://suckhoe.vnexpress.net/tin-tuc/suc-khoe" onclick="" target="">Tin tức</a> <a href="http://suckhoe.vnexpress.net/tin-tuc/cac-benh" onclick="" target="">C&aacute;c bệnh</a> <a href="http://suckhoe.vnexpress.net/tin-tuc/khoe-dep" onclick="" target="">Khỏe đẹp</a> <a href="http://suckhoe.vnexpress.net/tin-tuc/dinh-duong" onclick="" target="">Dinh dưỡng</a></p>\r\n\r\n<p><a href="http://suckhoe.vnexpress.net/tin-tuc/dinh-duong/an-gi-cho-nu-cuoi-toa-sang-3350547.html" onclick="">Ăn g&igrave; cho nụ cười tỏa s&aacute;ng </a></p>\r\n\r\n<p><a href="http://suckhoe.vnexpress.net/tin-tuc/dinh-duong/an-gi-cho-nu-cuoi-toa-sang-3350547.html" onclick=""><img alt="Ăn gì cho nụ cười tỏa sáng" src="http://img.f43.suckhoe.vnecdn.net/2016/01/31/smile-5683-1454204948_180x108.jpg" /></a></p>\r\n\r\n<p>Bổ sung t&aacute;o, dứa, d&acirc;u t&acirc;y, chanh... v&agrave;o chế độ ăn gi&uacute;p l&agrave;m sạch mảng b&aacute;m, c&acirc;n bằng độ PH cơ thể cho răng chắc khỏe.</p>\r\n\r\n<ul>\r\n	<li>\r\n	<p><strong><a href="http://suckhoe.vnexpress.net/tin-tuc/suc-khoe/dan-ong-khoe-hon-neu-tu-tap-voi-ban-cung-gioi-3350732.html" onclick="">Đ&agrave;n &ocirc;ng khỏe hơn nếu tụ tập với bạn c&ugrave;ng giới </a> </strong></p>\r\n	</li>\r\n	<li>\r\n	<p><strong><a href="http://suckhoe.vnexpress.net/tin-tuc/cac-benh/8-trieu-nguoi-viet-se-bi-viem-gan-sieu-vi-b-vao-nam-2020-3349431.html" onclick="">8 triệu người Việt sẽ bị vi&ecirc;m gan si&ecirc;u vi B v&agrave;o năm 2020 </a> </strong></p>\r\n	</li>\r\n</ul>\r\n\r\n<table align="center" border="0" cellpadding="3" cellspacing="0" style="width:100%">\r\n	<tbody>\r\n		<tr>\r\n			<td>&nbsp;</td>\r\n		</tr>\r\n	</tbody>\r\n</table>\r\n\r\n<p>&nbsp;</p>\r\n\r\n<p><a href="http://giaitri.vnexpress.net" onclick="">Giải tr&iacute;</a></p>\r\n\r\n<p><a href="http://giaitri.vnexpress.net/tin-tuc/gioi-sao" onclick="" target="">Giới sao</a> <a href="http://giaitri.vnexpress.net/tin-tuc/thoi-trang" onclick="" target="">Thời trang</a> <a href="http://giaitri.vnexpress.net/tin-tuc/phim" onclick="" target="">Phim</a> <a href="http://giaitri.vnexpress.net/tin-tuc/truyen-hinh" onclick="" target="">Truyền h&igrave;nh</a> <a href="http://giaitri.vnexpress.net/tin-tuc/lam-dep" onclick="" target="">L&agrave;m đẹp</a></p>\r\n\r\n<p><a href="http://giaitri.vnexpress.net/tin-tuc/gioi-sao/trong-nuoc/hoai-linh-nhan-do-dau-cho-nu-ca-si-tre-cung-ten-3350781.html" onclick="">Ho&agrave;i Linh nhận đỡ đầu cho nữ ca sĩ trẻ c&ugrave;ng t&ecirc;n </a></p>\r\n\r\n<p><a href="http://giaitri.vnexpress.net/tin-tuc/gioi-sao/trong-nuoc/hoai-linh-nhan-do-dau-cho-nu-ca-si-tre-cung-ten-3350781.html" onclick=""><img alt="Hoài Linh nhận đỡ đầu cho nữ ca sĩ trẻ cùng tên" src="http://img.f11.giaitri.vnecdn.net/2016/01/31/hoai-linh-1-8794-1454208627_180x108.jpg" /></a></p>\r\n\r\n<p>Danh h&agrave;i y&ecirc;u mến giọng h&aacute;t của Phạm Ho&agrave;i Linh n&ecirc;n muốn đứng ra gi&uacute;p đỡ c&ocirc; ph&aacute;t triển con đường ca h&aacute;t.</p>\r\n\r\n<ul>\r\n	<li>\r\n	<p><strong><a href="http://giaitri.vnexpress.net/photo/sao-dep-sao-xau/luu-diec-phi-dep-nhat-tuan-voi-suit-hang-hieu-3350615.html" onclick="">Lưu Diệc Phi đẹp nhất tuần với suit h&agrave;ng hiệu </a> </strong></p>\r\n	</li>\r\n	<li>\r\n	<p><strong><a href="http://giaitri.vnexpress.net/tin-tuc/phim/sau-man-anh/leonardo-dicaprio-gianh-giai-sag-dau-tien-sau-9-lan-duoc-de-cu-3350805.html" onclick="">Leonardo DiCaprio gi&agrave;nh giải SAG đầu ti&ecirc;n sau 9 lần được đề cử <img alt="" src="http://st.f1.vnecdn.net/responsive/i/v15/graphics/img_blank.gif" /></a> </strong></p>\r\n	</li>\r\n</ul>\r\n\r\n<p><a href="http://dulich.vnexpress.net" onclick="">Du lịch</a></p>\r\n\r\n<p><a href="http://dulich.vnexpress.net/tin-tuc/viet-nam" onclick="" target="">Việt Nam</a> <a href="http://dulich.vnexpress.net/tin-tuc/quoc-te" onclick="" target="">Quốc tế</a> <a href="http://dulich.vnexpress.net/tin-tuc/cong-dong" onclick="" target="">Cộng đồng</a> <a href="http://dulich.vnexpress.net/tin-tuc/anh-video" onclick="" target="">Ảnh</a></p>\r\n\r\n<p><a href="http://dulich.vnexpress.net/tin-tuc/viet-nam/co-gai-viet-mang-ta-ao-dai-phap-phoi-giua-troi-au-3350829.html" onclick="">C&ocirc; g&aacute;i Việt mang t&agrave; &aacute;o d&agrave;i phấp phới giữa trời &Acirc;u </a></p>\r\n\r\n<p><a href="http://dulich.vnexpress.net/tin-tuc/viet-nam/co-gai-viet-mang-ta-ao-dai-phap-phoi-giua-troi-au-3350829.html" onclick=""><img alt="Cô gái Việt mang tà áo dài phấp phới giữa trời Âu" src="http://img.f35.dulich.vnecdn.net/2016/01/31/ao-dai-6385-1454222427_180x108.jpg" /></a></p>\r\n\r\n<p>Nhiệt độ ch&acirc;u &Acirc;u c&oacute; khi xuống tới &acirc;m độ C, L&ecirc; Ngọc Thanh vẫn chịu r&eacute;t để được diện &aacute;o d&agrave;i trước con mắt ngạc nhi&ecirc;n của nhiều du <a href="http://dulich.vnexpress.net/tin-tuc/viet-nam/co-gai-viet-mang-ta-ao-dai-phap-phoi-giua-troi-au-3350829.html"><img src="http://st.f1.vnecdn.net/responsive/i/v24/icons/icon_more2.gif" /></a></p>\r\n\r\n<ul>\r\n	<li>\r\n	<p><strong><a href="http://dulich.vnexpress.net/tin-tuc/cong-dong/tu-van/mot-ngay-kham-pha-quan-dao-diep-son-3350438.html" onclick="">Một ng&agrave;y kh&aacute;m ph&aacute; quần đảo Điệp Sơn </a> </strong></p>\r\n	</li>\r\n	<li>\r\n	<p><strong><a href="http://dulich.vnexpress.net/tin-tuc/quoc-te/lich-su-thang-tram-cua-ngon-hai-dang-lau-doi-nhat-the-gioi-3349966.html" onclick="">Lịch sử thăng trầm của ngọn hải đăng l&acirc;u đời nhất thế giới </a> </strong></p>\r\n	</li>\r\n</ul>\r\n\r\n<p><a href="http://giadinh.vnexpress.net/" onclick="">Gia đ&igrave;nh</a></p>\r\n\r\n<p><a href="http://giadinh.vnexpress.net/tin-tuc/to-am" onclick="" target="">Tổ ấm</a> <a href="http://giadinh.vnexpress.net/tin-tuc/cham-con" onclick="" target="">Chăm con</a> <a href="http://giadinh.vnexpress.net/tin-tuc/nha-dep" onclick="" target="">Nh&agrave; đẹp</a> <a href="http://giadinh.vnexpress.net/tin-tuc/tieu-dung" onclick="" target="">Ti&ecirc;u d&ugrave;ng</a> <a href="http://giadinh.vnexpress.net/tin-tuc/noi-tro" onclick="" target="">Nội trợ</a></p>\r\n\r\n<p><a href="http://giadinh.vnexpress.net/tin-tuc/to-am/toi-da-lam-ban-voi-nhan-tinh-cua-chong-nhu-the-nao-3350342.html" onclick="">T&ocirc;i đ&atilde; l&agrave;m bạn với nh&acirc;n t&igrave;nh của chồng như thế n&agrave;o </a></p>\r\n\r\n<p><a href="http://giadinh.vnexpress.net/tin-tuc/to-am/toi-da-lam-ban-voi-nhan-tinh-cua-chong-nhu-the-nao-3350342.html" onclick=""><img alt="Tôi đã làm bạn với nhân tình của chồng như thế nào" src="http://img.f15.giadinh.vnecdn.net/2016/01/30/meet-3563-1454139070_180x108.jpg" /></a></p>\r\n\r\n<p>Người đ&agrave;n b&agrave; đ&oacute; từng ph&aacute; hoại cuộc sống của t&ocirc;i nhưng t&ocirc;i kh&ocirc;ng muốn nỗi căm hận c&ocirc; ta l&agrave;m hỏng cả phần đời c&ograve;n lại của m&igrave;nh.</p>\r\n\r\n<ul>\r\n	<li>\r\n	<p><strong><a href="http://giadinh.vnexpress.net/photo/to-am/bo-anh-cung-vo-vuot-can-cua-ong-chong-khien-nhieu-nguoi-xuc-dong-3350646.html" onclick="">Bộ ảnh &#39;c&ugrave;ng vợ vượt cạn&#39; của &ocirc;ng chồng khiến nhiều người x&uacute;c động </a> </strong></p>\r\n	</li>\r\n	<li>\r\n	<p><strong><a href="http://giadinh.vnexpress.net/tin-tuc/to-am/nhin-tu-quan-ao-biet-tinh-cach-cua-mot-phu-nu-3350223.html" onclick="">Nh&igrave;n tủ quần &aacute;o, biết t&iacute;nh c&aacute;ch của một phụ nữ </a> </strong></p>\r\n	</li>\r\n</ul>\r\n\r\n<p>Khuyến m&atilde;i</p>\r\n\r\n<ul>\r\n	<li><a href="http://kinhdoanh.vnexpress.net/tin-tuc/hang-hoa/khuyen-mai/dem-vn-giam-den-50-chan-ga-goi-canada-trong-10-ngay-3350149.html" onclick="">Dem.vn giảm đến 50% chăn ga gối Canada trong 10 ng&agrave;y</a></li>\r\n	<li><a href="http://kinhdoanh.vnexpress.net/tin-tuc/hang-hoa/khuyen-mai/chon-mua-lan-ho-diep-cho-ngay-tet-3350029.html" onclick="">Chọn mua lan hồ điệp cho ng&agrave;y Tết</a></li>\r\n	<li><a href="http://kinhdoanh.vnexpress.net/tin-tuc/hang-hoa/khuyen-mai/ly-do-iphone-cu-duoc-ua-thich-dip-nam-moi-3349308.html" onclick="">L&yacute; do iPhone cũ được ưa th&iacute;ch dịp năm mới</a></li>\r\n	<li><a href="http://kinhdoanh.vnexpress.net/tin-tuc/hang-hoa/khuyen-mai/nhieu-tien-ich-tu-k-dip-tet-3349208.html" onclick="">Nhiều tiện &iacute;ch từ K+ dịp Tết</a></li>\r\n	<li><a href="http://kinhdoanh.vnexpress.net/tin-tuc/hang-hoa/khuyen-mai/techone-ho-tro-tra-gop-0-khi-mua-smartphone-dip-tet-3347743.html" onclick="">TechOne hỗ trợ trả g&oacute;p 0% khi mua smartphone dịp Tết</a></li>\r\n	<li><a href="http://kinhdoanh.vnexpress.net/tin-tuc/hang-hoa/khuyen-mai/oppo-giam-den-40-tai-hoang-ha-mobile-3345560.html" onclick="">Oppo giảm đến 40% tại Ho&agrave;ng H&agrave; Mobile</a></li>\r\n	<li><a href="http://kinhdoanh.vnexpress.net/tin-tuc/hang-hoa/khuyen-mai/mua-nhot-total-nhan-loc-vang-3346010.html" onclick="">Mua nhớt Total, nhận lộc v&agrave;ng</a></li>\r\n	<li><a href="http://kinhdoanh.vnexpress.net/tin-tuc/hang-hoa/khuyen-mai/dien-may-hc-tang-li-xi-den-5-trieu-dong-3346323.html" onclick="">Điện m&aacute;y HC tặng l&igrave; x&igrave; đến 5 triệu đồng</a></li>\r\n	<li><a href="http://kinhdoanh.vnexpress.net/tin-tuc/hang-hoa/khuyen-mai/dem-vn-giam-toi-50-chan-dem-dung-dot-ret-dam-3345944.html" onclick="">Dem.vn giảm tới 50% chăn đệm đ&uacute;ng đợt r&eacute;t đậm</a></li>\r\n	<li><a href="http://kinhdoanh.vnexpress.net/tin-tuc/doanh-nghiep/doanh-nghiep-viet/mua-hang-tang-vang-tai-digicity-3346090.html" onclick="">&#39;Mua h&agrave;ng tặng v&agrave;ng&#39; tại DigiCity</a></li>\r\n	<li><a href="http://kinhdoanh.vnexpress.net/tin-tuc/doanh-nghiep/doanh-nghiep-viet/pico-tang-qua-cho-don-hang-tu-mot-nghin-dong-3346131.html" onclick="">Pico tặng qu&agrave; cho đơn h&agrave;ng từ một ngh&igrave;n đồng</a></li>\r\n	<li><a href="http://kinhdoanh.vnexpress.net/tin-tuc/doanh-nghiep/doanh-nghiep-viet/co-hoi-doi-kinh-cu-lay-kinh-moi-tai-i-megane-3344567.html" onclick="">Cơ hội đổi k&iacute;nh cũ lấy k&iacute;nh mới tại i-Megane</a></li>\r\n	<li><a href="http://kinhdoanh.vnexpress.net/tin-tuc/hang-hoa/khuyen-mai/techone-giam-gia-smartphone-li-xi-iphone-6s-dip-tet-3344959.html" onclick="">TechOne giảm gi&aacute; smartphone, l&igrave; x&igrave; iPhone 6S dịp Tết</a></li>\r\n	<li><a href="http://kinhdoanh.vnexpress.net/tin-tuc/doanh-nghiep/doanh-nghiep-viet/pico-khai-truong-them-sieu-thi-moi-3342627.html" onclick="">Pico khai trương th&ecirc;m si&ecirc;u thị mới</a></li>\r\n	<li><a href="http://kinhdoanh.vnexpress.net/tin-tuc/hang-hoa/khuyen-mai/truyen-hinh-k-giam-gia-cuoc-dau-nam-moi-3342836.html" onclick="">Truyền h&igrave;nh K+ giảm gi&aacute; cước đầu năm mới</a></li>\r\n	<li><a href="http://kinhdoanh.vnexpress.net/tin-tuc/hang-hoa/khuyen-mai/techone-uu-dai-mung-khai-truong-showroom-ho-tung-mau-3342131.html" onclick="">TechOne ưu đ&atilde;i mừng khai trương showroom Hồ T&ugrave;ng Mậu</a></li>\r\n	<li><a href="http://kinhdoanh.vnexpress.net/tin-tuc/hang-hoa/khuyen-mai/dien-may-hc-tang-qua-tet-den-3-9-ty-dong-3342596.html" onclick="">Điện m&aacute;y HC tặng qu&agrave; Tết đến 3,9 tỷ đồng</a></li>\r\n	<li><a href="http://kinhdoanh.vnexpress.net/tin-tuc/hang-hoa/khuyen-mai/ra-mat-the-khach-hang-than-thiet-vingroup-card-3342463.html" onclick="">Ra mắt thẻ kh&aacute;ch h&agrave;ng th&acirc;n thiết Vingroup Card</a></li>\r\n	<li><a href="http://kinhdoanh.vnexpress.net/tin-tuc/hang-hoa/khuyen-mai/dem-vn-uu-dai-30-trieu-dong-cho-dem-cao-cap-3339117.html" onclick="">Dem.vn ưu đ&atilde;i 30 triệu đồng cho đệm cao cấp</a></li>\r\n	<li><a href="http://kinhdoanh.vnexpress.net/tin-tuc/hang-hoa/khuyen-mai/uscom-tro-gia-den-mot-trieu-dong-cho-khach-hang-3339199.html" onclick="">USCOM trợ gi&aacute; đến một triệu đồng cho kh&aacute;ch h&agrave;ng</a></li>\r\n</ul>\r\n\r\n<p><a href="http://sohoa.vnexpress.net" onclick="">Số h&oacute;a</a></p>\r\n\r\n<p><a href="http://sohoa.vnexpress.net/tin-tuc/san-pham" onclick="" target="">Sản phẩm</a> <a href="http://sohoa.vnexpress.net/danh-gia" onclick="" target="">Đ&aacute;nh gi&aacute;</a> <a href="http://sohoa.vnexpress.net/tin-tuc/doi-song-so" onclick="" target="">Đời sống số</a></p>\r\n\r\n<p><a href="http://sohoa.vnexpress.net/tin-tuc/doi-song-so/giai-tri/video-chong-phat-cau-vi-bi-vo-dot-toc-gay-chu-y-internet-tuan-qua-3350707.html" onclick="">Video chồng ph&aacute;t c&aacute;u v&igrave; bị vợ đốt t&oacute;c g&acirc;y ch&uacute; &yacute; Internet tuần qua </a></p>\r\n\r\n<p><a href="http://sohoa.vnexpress.net/tin-tuc/doi-song-so/giai-tri/video-chong-phat-cau-vi-bi-vo-dot-toc-gay-chu-y-internet-tuan-qua-3350707.html" onclick=""><img alt="Video chồng phát cáu vì bị vợ đốt tóc gây chú ý Internet tuần qua" src="http://img.f6.sohoa.vnecdn.net/2016/01/30/clip-1-8466-1454169636_180x108.jpg" /></a></p>\r\n\r\n<p>Đang tr&ograve; chuyện vui vẻ với nh&oacute;m bạn, c&ocirc; vợ bất ngờ đốt t&oacute;c chồng khiến người n&agrave;y bực bội bỏ đi. Tuần từ 24/1 đến 30/1 c&ograve;n một số <a href="http://sohoa.vnexpress.net/tin-tuc/doi-song-so/giai-tri/video-chong-phat-cau-vi-bi-vo-dot-toc-gay-chu-y-internet-tuan-qua-3350707.html"><img src="http://st.f1.vnecdn.net/responsive/i/v24/icons/icon_more2.gif" /></a></p>\r\n\r\n<ul>\r\n	<li>\r\n	<p><strong><a href="http://sohoa.vnexpress.net/tin-tuc/doi-song-so/nguoi-mua-ten-mien-google-com-duoc-thuong-12-000-usd-3350604.html" onclick="">Người mua t&ecirc;n miền Google.com được thưởng 12.000 USD </a> </strong></p>\r\n	</li>\r\n	<li>\r\n	<p><strong><a href="http://sohoa.vnexpress.net/tin-tuc/doi-song-so/do-vui-ve-nhung-cau-noi-noi-tieng-gioi-cong-nghe-3350495.html" onclick="">Đố vui về những c&acirc;u n&oacute;i nổi tiếng giới c&ocirc;ng nghệ </a> </strong></p>\r\n	</li>\r\n</ul>\r\n\r\n<p><a href="http://vnexpress.net/tin-tuc/oto-xe-may" onclick="">Xe</a></p>\r\n\r\n<p><a href="http://vnexpress.net/tin-tuc/oto-xe-may/tu-van" onclick="" target="">Tư vấn</a> <a href="http://vnexpress.net/tin-tuc/oto-xe-may/dien-dan" onclick="" target="">Diễn đ&agrave;n</a> <a href="http://vnexpress.net/tin-tuc/oto-xe-may/thi-truong" onclick="" target="">Thị trường</a></p>\r\n\r\n<p><a href="http://vnexpress.net/tin-tuc/oto-xe-may/man-chay-tron-bat-chap-tat-ca-cua-xe-ban-tai-3350605.html" onclick="">M&agrave;n chạy trốn bất chấp tất cả của xe b&aacute;n tải <img alt="" src="http://st.f1.vnecdn.net/responsive/i/v15/graphics/img_blank.gif" /></a></p>\r\n\r\n<p><a href="http://vnexpress.net/tin-tuc/oto-xe-may/man-chay-tron-bat-chap-tat-ca-cua-xe-ban-tai-3350605.html" onclick=""><img alt="Màn chạy trốn bất chấp tất cả của xe bán tải" src="http://img.f29.vnecdn.net/2016/01/30/ban-tai-1378-1454129785_180x108.jpg" /></a></p>\r\n\r\n<p>Chạy cảnh s&aacute;t, chiếc xe b&aacute;n tải chạy với tốc độ cao mất l&aacute;i lao sang hai b&ecirc;n đường cuối c&ugrave;ng bị lật v&agrave; n&aacute;t tan t&agrave;nh.</p>\r\n\r\n<ul>\r\n	<li>\r\n	<p><strong><a href="http://vnexpress.net/tin-tuc/oto-xe-may/dai-gia-viet-tai-my-do-sieu-xe-aventador-don-nam-moi-3350501.html" onclick="">Đại gia Việt tại Mỹ độ si&ecirc;u xe Aventador đ&oacute;n năm mới </a> </strong></p>\r\n	</li>\r\n	<li>\r\n	<p><strong><a href="http://vnexpress.net/tin-tuc/oto-xe-may/lamborghini-huracan-doc-nhat-da-nang-3350194.html" onclick="">Lamborghini Huracan độc nhất Đ&agrave; Nẵng <img alt="" src="http://st.f1.vnecdn.net/responsive/i/v15/graphics/img_blank.gif" /></a> </strong></p>\r\n	</li>\r\n</ul>\r\n\r\n<p><a href="http://vnexpress.net/tin-tuc/giao-duc" onclick="">Gi&aacute;o dục</a></p>\r\n\r\n<p><a href="http://vnexpress.net/tin-tuc/giao-duc/tuyen-sinh" onclick="" target="">Tuyển sinh</a> <a href="http://vnexpress.net/tin-tuc/giao-duc/du-hoc" onclick="" target="">Du học</a> <a href="http://vnexpress.net/tin-tuc/giao-duc/tu-van" onclick="" target="">Tư vấn</a> <a href="http://vnexpress.net/tin-tuc/giao-duc/hoc-tieng-anh" onclick="" target="">Học tiếng Anh</a></p>\r\n\r\n<p><a href="http://vnexpress.net/tin-tuc/giao-duc/hoc-tieng-anh/meo-chinh-ta-tieng-anh-i-dung-truoc-e-3350082.html" onclick="">Mẹo ch&iacute;nh tả tiếng Anh: &#39;i&#39; đứng trước &#39;e&#39; </a></p>\r\n\r\n<p><a href="http://vnexpress.net/tin-tuc/giao-duc/hoc-tieng-anh/meo-chinh-ta-tieng-anh-i-dung-truoc-e-3350082.html" onclick=""><img alt="Mẹo chính tả tiếng Anh: ''i'' đứng trước ''e''" src="http://img.f29.vnecdn.net/2016/01/30/29-b2-a3-6883-1454142143_180x108.jpg" /></a></p>\r\n\r\n<p>Ở những từ như &quot;believe&quot;, &quot;die&quot; hay &quot;friend&quot;, chữ &quot;i&quot; lu&ocirc;n đứng trước chữ &quot;e&quot;. Đ&acirc;y l&agrave; một quy tắc ch&iacute;nh tả nổi tiếng nhưng c&oacute; nhiều ngoại lệ.</p>\r\n\r\n<ul>\r\n	<li>\r\n	<p><strong><a href="http://vnexpress.net/tin-tuc/giao-duc/tu-van/co-nen-thi-dai-hoc-nganh-dien-hat-nhan-3350596.html" onclick="">C&oacute; n&ecirc;n thi đại học ng&agrave;nh Điện hạt nh&acirc;n </a> </strong></p>\r\n	</li>\r\n	<li>\r\n	<p><strong><a href="http://vnexpress.net/tin-tuc/giao-duc/nu-sinh-gianh-giai-nhat-quoc-gia-mon-dia-ly-3350035.html" onclick="">Nữ sinh gi&agrave;nh giải nhất quốc gia m&ocirc;n Địa l&yacute; </a> </strong></p>\r\n	</li>\r\n</ul>\r\n\r\n<p>﻿</p>\r\n\r\n<p><a href="http://raovat.vnexpress.net"><img src="http://st.f1.vnecdn.net/responsive/i/v24/graphics/box_rao_vat.jpg" /> </a></p>\r\n\r\n<p><a href="http://vnexpress.net/tin-tuc/khoa-hoc" onclick="">Khoa học</a></p>\r\n\r\n<p><a href="http://vnexpress.net/tin-tuc/khoa-hoc/moi-truong" onclick="" target="">M&ocirc;i trường</a> <a href="http://vnexpress.net/tin-tuc/khoa-hoc/ky-thuat-moi" onclick="" target="">C&ocirc;ng nghệ mới</a> <a href="http://vnexpress.net/tin-tuc/khoa-hoc/hoi-dap" onclick="" target="">Hỏi - Đ&aacute;p</a></p>\r\n\r\n<p><a href="http://vnexpress.net/tin-tuc/khoa-hoc/akhenaten-pharaoh-di-giao-noi-tieng-cua-ai-cap-co-dai-3350716.html" onclick="">Akhenaten - pharaoh dị gi&aacute;o nổi tiếng của Ai Cập cổ đại </a></p>\r\n\r\n<p><a href="http://vnexpress.net/tin-tuc/khoa-hoc/akhenaten-pharaoh-di-giao-noi-tieng-cua-ai-cap-co-dai-3350716.html" onclick=""><img alt="Akhenaten - pharaoh dị giáo nổi tiếng của Ai Cập cổ đại" src="http://img.f29.vnecdn.net/2016/01/30/pharaohakhenaten-1454171414_180x108.jpg" /></a></p>\r\n\r\n<p>Pharaoh Akhenaten hay Amenhotep IV l&agrave; người chuyển đổi t&ocirc;n gi&aacute;o Ai Cập từ đa thần gi&aacute;o sang thờ c&uacute;ng một vị thần duy nhất t&ecirc;n Aten.</p>\r\n\r\n<ul>\r\n	<li>\r\n	<p><strong><a href="http://vnexpress.net/tin-tuc/khoa-hoc/hoi-dap/xin-hoi-day-co-phai-cay-sam-khong-3350570.html" onclick="">Xin hỏi đ&acirc;y c&oacute; phải c&acirc;y s&acirc;m kh&ocirc;ng? </a> </strong></p>\r\n	</li>\r\n	<li>\r\n	<p><strong><a href="http://vnexpress.net/tin-tuc/khoa-hoc/giai-cuu-tho-bi-bao-cuon-bay-len-noc-nha-3350588.html" onclick="">Giải cứu thỏ bị b&atilde;o cuốn bay l&ecirc;n n&oacute;c nh&agrave; </a> </strong></p>\r\n	</li>\r\n</ul>\r\n\r\n<p><a href="http://vnexpress.net/tin-tuc/tam-su" onclick="">T&acirc;m sự</a></p>\r\n\r\n<p><a href="http://vnexpress.net/tin-tuc/tam-su/cua-so-blog" onclick="" target="">Cửa sổ blog</a> <a href="http://vnexpress.net/tin-tuc/tam-su/loi-yeu" onclick="" target="">Lời y&ecirc;u</a></p>\r\n\r\n<p><a href="http://vnexpress.net/tin-tuc/tam-su/em-muon-cung-ganh-vac-de-tra-not-so-no-cua-toi-3350687.html" onclick="">Em muốn c&ugrave;ng g&aacute;nh v&aacute;c để trả nốt số nợ của t&ocirc;i </a></p>\r\n\r\n<p><a href="http://vnexpress.net/tin-tuc/tam-su/em-muon-cung-ganh-vac-de-tra-not-so-no-cua-toi-3350687.html" onclick=""><img alt="Em muốn cùng gánh vác để trả nốt số nợ của tôi" src="http://img.f32.vnecdn.net/2016/01/30/lanhnhat-1454169533_1454169543_180x108.jpg" /></a></p>\r\n\r\n<p>Trong thời gian t&ocirc;i đi xa, em đ&atilde; đến nh&agrave; những người vợ chồng t&ocirc;i vay mượn để đứng ra bảo l&atilde;nh cho t&ocirc;i, thường xuy&ecirc;n về thăm mẹ t&ocirc;i <a href="http://vnexpress.net/tin-tuc/tam-su/em-muon-cung-ganh-vac-de-tra-not-so-no-cua-toi-3350687.html"><img src="http://st.f1.vnecdn.net/responsive/i/v24/icons/icon_more2.gif" /></a></p>\r\n\r\n<ul>\r\n	<li>\r\n	<p><strong><a href="http://vnexpress.net/tin-tuc/tam-su/nguoi-con-gai-hoan-hao-da-don-nhan-tinh-cam-cua-toi-3350744.html" onclick="">Người con g&aacute;i ho&agrave;n hảo đ&atilde; đ&oacute;n nhận t&igrave;nh cảm của t&ocirc;i </a> </strong></p>\r\n	</li>\r\n	<li>\r\n	<p><strong><a href="http://vnexpress.net/tin-tuc/tam-su/bo-ngoai-tinh-voi-ban-than-cua-me-3349432.html" onclick="">Bố ngoại t&igrave;nh với bạn th&acirc;n của mẹ </a> </strong></p>\r\n	</li>\r\n</ul>\r\n\r\n<p><a href="http://ngoisao.net" onclick="_gaq.push([''_trackEvent'', ''Home'', ''Click tiêu đề box'', ''Box Ngôi sao'']);" target="_blank"><img src="http://st.f1.vnecdn.net/responsive/i/v24/graphics/img_ngoisao.gif" style="margin:3px 0 0" /> </a></p>\r\n\r\n<ul>\r\n</ul>\r\n\r\n<p><a href="http://vnexpress.net/tin-tuc/cuoi" onclick="">Cười</a></p>\r\n\r\n<p><a href="http://vnexpress.net/tin-tuc/cuoi/cai-gi-co-the-cham-vao-moi-thu-nhung-khong-the-cham-vao-chinh-minh-3350746.html" onclick="">C&aacute;i g&igrave; c&oacute; thể chạm v&agrave;o mọi thứ nhưng kh&ocirc;ng thể chạm v&agrave;o ch&iacute;nh m&igrave;nh? </a> <img alt="comment vnexpress" src="http://st.f1.vnecdn.net/responsive/i/v15/graphics/img_blank.gif" /></p>\r\n\r\n<p><a href="http://vnexpress.net/tin-tuc/cuoi/cai-gi-co-the-cham-vao-moi-thu-nhung-khong-the-cham-vao-chinh-minh-3350746.html" onclick=""><img alt="Cái gì có thể chạm vào mọi thứ nhưng không thể chạm vào chính mình?" src="http://img.f30.vnecdn.net/2016/01/31/untitled1-1454222571_180x108.jpg" /></a></p>\r\n\r\n<p>D&ugrave; c&oacute; l&agrave;m bất cứ chuyện g&igrave; th&igrave; chuyện n&oacute; c&oacute; thể chạm v&agrave;o ch&iacute;nh m&igrave;nh vẫn l&agrave; nhiệm vụ bất khả thi.</p>\r\n\r\n<ul>\r\n	<li>\r\n	<p><strong><a href="http://vnexpress.net/tin-tuc/cuoi/video/hoai-linh-khoe-su-giau-co-khien-con-re-tuong-lai-choang-vang-gay-cuoi-nhat-tuan-qua-3350621.html" onclick="">&#39;Ho&agrave;i Linh khoe sự gi&agrave;u c&oacute; khiến con rể tương lai cho&aacute;ng v&aacute;ng&#39; g&acirc;y cười nhất tuần qua <img alt="" src="http://st.f1.vnecdn.net/responsive/i/v15/graphics/img_blank.gif" /></a> <img alt="comment vnexpress" src="http://st.f1.vnecdn.net/responsive/i/v15/graphics/img_blank.gif" /></strong></p>\r\n	</li>\r\n	<li>\r\n	<p><strong><a href="http://vnexpress.net/tin-tuc/cuoi/tho-vui-ve-ngay-ong-tao-chau-troi-3350493.html" onclick="">Thơ vui về ng&agrave;y &ocirc;ng T&aacute;o chầu trời </a> <img alt="comment vnexpress" src="http://st.f1.vnecdn.net/responsive/i/v15/graphics/img_blank.gif" /></strong></p>\r\n	</li>\r\n</ul>\r\n\r\n<p><a href="http://ione.vnexpress.net" onclick="_gaq.push([''_trackEvent'', ''Home'', ''Click tiêu đề box'', ''Box Ione'']);" target="_blank"><img alt="" src="http://st.f1.vnecdn.net/responsive/i/v24/graphics/img_ione.gif" /></a></p>\r\n\r\n<ul>\r\n	<li><a href="http://ione.vnexpress.net/tin-tuc/thoi-trang/kstyle/style-di-hoc-ngay-lanh-van-long-lanh-cua-nu-sinh-han-3350797.html">Style đi học ng&agrave;y lạnh vẫn long lanh của nữ sinh H&agrave;n</a></li>\r\n	<li><a href="http://ione.vnexpress.net/tin-tuc/thoi-trang/mot/3-cach-bien-so-mi-nghiem-tuc-thanh-sang-chanh-duoc-long-teen-viet-3350825.html">3 c&aacute;ch biến sơ mi nghi&ecirc;m t&uacute;c th&agrave;nh sang chảnh được l&ograve;ng teen Việt</a></li>\r\n	<li><a href="http://ione.vnexpress.net/tin-tuc/showbiz/star/quoc-te/do-nhan-sac-cua-nhung-idol-hang-dau-o-han-trung-nhat-3350799.html">Đọ nhan sắc của những idol h&agrave;ng đầu ở H&agrave;n - Trung - Nhật</a></li>\r\n	<li><a href="http://ione.vnexpress.net/tin-tuc/thoi-trang/chieu-mac-giam-can-cho-nang-beo-trong-ngay-dong-3350182.html">Chi&ecirc;u mặc giảm c&acirc;n cho n&agrave;ng b&eacute;o trong ng&agrave;y đ&ocirc;ng</a></li>\r\n	<li><a href="http://ione.vnexpress.net/tin-tuc/showbiz/star/quoc-te/3-visual-kpop-bo-nghe-ca-ha-t-de-theo-nghiep-dien-xuat-3350765.html">3 visual Kpop bỏ nghề ca hát để theo nghiệp diễn xuất</a></li>\r\n</ul>\r\n\r\n<p><a href="http://gamethu.net" onclick="_gaq.push([''_trackEvent'', ''Home'', ''Click tiêu đề box'', ''Box Game thủ'']);" target="_blank"><img alt="" src="http://st.f1.vnecdn.net/responsive/i/v24/graphics/img_game_thu.gif" /></a></p>\r\n\r\n<ul>\r\n	<li><a href="http://gamethu.net/tin-tuc/online/nhung-game-online-dang-choi-nhat-danh-cho-game-thu-viet-3350336.html">Những game online đ&aacute;ng chơi nhất d&agrave;nh cho game thủ Việt</a></li>\r\n	<li><a href="http://gamethu.net/tin-tuc/lang-game/nhung-man-thuong-tet-doc-dao-cua-cac-cong-ty-game-3350025.html">Những m&agrave;n thưởng Tết độc đ&aacute;o của c&aacute;c c&ocirc;ng ty game</a></li>\r\n	<li><a href="http://gamethu.net/tin-tuc/lang-game/quan-game-vang-hoe-sau-ngay-sinh-vien-ve-nghi-tet-3350631.html">Qu&aacute;n game vắng hoe sau ng&agrave;y sinh vi&ecirc;n về nghỉ Tết</a></li>\r\n	<li><a href="http://gamethu.net/tin-tuc/offline/dung-bao-luc-de-lam-viec-chinh-nghia-trong-yakuza-6-3350642.html">D&ugrave;ng bạo lực để l&agrave;m việc ch&iacute;nh nghĩa trong Yakuza 6</a></li>\r\n	<li><a href="http://gamethu.net/tin-tuc/mobile/nhung-game-mobile-android-dam-tinh-giai-tri-cho-ngay-cuoi-tuan-3350324.html">Những game mobile Android đậm t&iacute;nh giải tr&iacute; cho ng&agrave;y cuối tuần</a></li>\r\n</ul>\r\n\r\n<p><a href="http://vnexpress.net/tin-nong">Xem nhiều nhất</a></p>\r\n\r\n<ul>\r\n	<li>\r\n	<p><a href="http://vnexpress.net/tin-tuc/thoi-su/thiet-hai-hang-chuc-ty-trong-vu-chay-gara-oto-o-sai-gon-3350671.html">Thiệt hại h&agrave;ng chục tỷ trong vụ ch&aacute;y gara &ocirc;t&ocirc; ở S&agrave;i G&ograve;n </a></p>\r\n	</li>\r\n	<li>\r\n	<p><a href="http://vnexpress.net/tin-tuc/thoi-su/chuyen-it-biet-ve-vi-vua-len-ngoi-2-lan-va-lay-vo-tay-3350310.html">Chuyện &iacute;t biết về vị vua l&ecirc;n ng&ocirc;i 2 lần v&agrave; lấy vợ T&acirc;y </a></p>\r\n	</li>\r\n	<li>\r\n	<p><a href="http://thethao.vnexpress.net/tin-tuc/tuong-thuat/messi-suarez-toa-sang-barca-ha-do-van-atletico-3350685.html">Messi, Suarez tỏa s&aacute;ng, Barca hạ đo v&aacute;n Atletico </a></p>\r\n	</li>\r\n	<li>\r\n	<p><a href="http://vnexpress.net/tin-tuc/thoi-su/chay-gara-o-trung-tam-sai-gon-10-oto-bi-thieu-rui-3350581.html">Ch&aacute;y gara ở trung t&acirc;m S&agrave;i G&ograve;n, 10 &ocirc;t&ocirc; bị thi&ecirc;u rụi </a></p>\r\n	</li>\r\n	<li>\r\n	<p><a href="http://vnexpress.net/photo/thoi-su/nhieu-xe-sang-dien-thoai-chay-rui-trong-tran-hoa-hoan-o-sai-gon-3350632.html">Nhiều xe sang, điện thoại ch&aacute;y rụi trong trận hỏa hoạn ở S&agrave;i G&ograve;n </a></p>\r\n	</li>\r\n	<li>\r\n	<p><a href="http://vnexpress.net/tin-tuc/thoi-su/mien-bac-lai-ret-dam-nui-cao-co-the-xuat-hien-bang-gia-3350396.html">Miền Bắc lại r&eacute;t đậm, n&uacute;i cao c&oacute; thể xuất hiện băng gi&aacute; </a></p>\r\n	</li>\r\n	<li>\r\n	<p><a href="http://vnexpress.net/tin-tuc/cong-dong/toc-tien-buc-xuc-vi-taxi-ha-noi-noi-bai-het-hon-700-nghin-dong-3350230.html">T&oacute;c Ti&ecirc;n bức x&uacute;c v&igrave; taxi H&agrave; Nội - Nội B&agrave;i hết hơn 700 ngh&igrave;n đồng </a></p>\r\n	</li>\r\n	<li>\r\n	<p><a href="http://vnexpress.net/tin-tuc/thoi-su/roi-may-van-thang-5-cong-nhan-tu-nan-3350544.html">Rơi m&aacute;y vận thăng, 5 c&ocirc;ng nh&acirc;n tử nạn </a></p>\r\n	</li>\r\n	<li>\r\n	<p><a href="http://vnexpress.net/tin-tuc/thoi-su/nhung-quy-dinh-noi-bat-co-hieu-luc-tu-thang-2-3350368.html">Những quy định nổi bật c&oacute; hiệu lực từ th&aacute;ng 2 </a></p>\r\n	</li>\r\n	<li>\r\n	<p><a href="http://vnexpress.net/tin-tuc/cuoi/gau-truc-dung-o-dau-trong-cac-buc-tranh-3350004.html">Gấu tr&uacute;c đứng ở đ&acirc;u trong c&aacute;c bức tranh? <img alt="comment vnexpress" src="http://st.f1.vnecdn.net/responsive/i/v15/graphics/img_blank.gif" /></a></p>\r\n	</li>\r\n</ul>\r\n\r\n<p><a href="http://vnexpress.net/#">Gi&aacute; v&agrave;ng 9999</a></p>\r\n\r\n<p>Gi&aacute; v&agrave;ng ĐVT:tr.đ/lượng</p>\r\n\r\n<table border="0" cellpadding="0" cellspacing="0">\r\n	<tbody>\r\n		<tr>\r\n			<td>Loại</td>\r\n			<td>Mua</td>\r\n			<td>B&aacute;n</td>\r\n		</tr>\r\n	</tbody>\r\n</table>\r\n\r\n<p><em>Nguồn:</em></p>\r\n\r\n<p><a href="http://doji.vn/" target="_blank"><img src="http://st.f1.vnecdn.net/responsive/i/v24/graphics/img_doji.gif" /></a> <a href="http://tpb.vn/" target="_blank"><img src="http://st.f1.vnecdn.net/responsive/i/v24/graphics/img_tienphongbank.gif" /></a></p>\r\n\r\n<p><a href="http://raovat.vnexpress.net/">Rao vặt</a></p>\r\n\r\n<ul>\r\n</ul>\r\n\r\n<p><a href="http://raovat.vnexpress.net/dang-tin/">Đăng tin</a></p>\r\n\r\n<p>Th&ocirc;ng tin doanh nghiệp<a href="javascript:;">&nbsp;</a> <a href="javascript:;">&nbsp;</a></p>\r\n');
INSERT INTO `acticle` (`id`, `acticle_name`, `acticle_content`) VALUES
(35, 'Australia ủng hộ tàu Mỹ tuần tra ở Hoàng Sa / Mỹ điều khu trục hạm áp sát đảo ở Hoàng Sa', '<p><strong><a href="http://vnexpress.net/tin-tuc/the-gioi/australia-ung-ho-tau-my-tuan-tra-o-hoang-sa-3350770.html">Australia ủng hộ t&agrave;u Mỹ tuần tra ở Ho&agrave;ng Sa</a> / <a href="http://vnexpress.net/tin-tuc/the-gioi/my-dieu-khu-truc-ham-ap-sat-dao-o-hoang-sa-3350651.html">Mỹ điều khu trục hạm &aacute;p s&aacute;t đảo ở Ho&agrave;ng Sa</a></strong></p>\r\n'),
(36, 'Australia ủng hộ tàu Mỹ tuần tra ở Hoàng Sa / Mỹ điều khu trục hạm áp sát đảo ở Hoàng Sa', '<p><strong><a href="http://vnexpress.net/tin-tuc/the-gioi/australia-ung-ho-tau-my-tuan-tra-o-hoang-sa-3350770.html">Australia ủng hộ t&agrave;u Mỹ tuần tra ở Ho&agrave;ng Sa</a> / <a href="http://vnexpress.net/tin-tuc/the-gioi/my-dieu-khu-truc-ham-ap-sat-dao-o-hoang-sa-3350651.html">Mỹ điều khu trục hạm &aacute;p s&aacute;t đảo ở Ho&agrave;ng Sa</a></strong></p>\r\n'),
(37, 'Australia ủng hộ tàu Mỹ tuần tra ở Hoàng Sa / Mỹ điều khu trục hạm áp sát đảo ở Hoàng Sa', '<p><strong><a href="http://vnexpress.net/tin-tuc/the-gioi/australia-ung-ho-tau-my-tuan-tra-o-hoang-sa-3350770.html">Australia ủng hộ t&agrave;u Mỹ tuần tra ở Ho&agrave;ng Sa</a> / <a href="http://vnexpress.net/tin-tuc/the-gioi/my-dieu-khu-truc-ham-ap-sat-dao-o-hoang-sa-3350651.html">Mỹ điều khu trục hạm &aacute;p s&aacute;t đảo ở Ho&agrave;ng Sa</a></strong></p>\r\n'),
(38, 'Australia ủng hộ tàu Mỹ tuần tra ở Hoàng Sa / Mỹ điều khu trục hạm áp sát đảo ở Hoàng Sa', '<p><strong><a href="http://vnexpress.net/tin-tuc/the-gioi/australia-ung-ho-tau-my-tuan-tra-o-hoang-sa-3350770.html">Australia ủng hộ t&agrave;u Mỹ tuần tra ở Ho&agrave;ng Sa</a> / <a href="http://vnexpress.net/tin-tuc/the-gioi/my-dieu-khu-truc-ham-ap-sat-dao-o-hoang-sa-3350651.html">Mỹ điều khu trục hạm &aacute;p s&aacute;t đảo ở Ho&agrave;ng Sa</a></strong></p>\r\n'),
(39, 'abcvda', '<p>df&agrave;d&aacute;</p>\r\n');

-- --------------------------------------------------------

--
-- Table structure for table `category`
--

CREATE TABLE IF NOT EXISTS `category` (
  `id` int(10) unsigned NOT NULL AUTO_INCREMENT,
  `super_categoryId` int(11) NOT NULL,
  `category_name` varchar(100) DEFAULT NULL,
  PRIMARY KEY (`id`),
  KEY `super_categoryId` (`super_categoryId`),
  KEY `super_categoryId_2` (`super_categoryId`)
) ENGINE=InnoDB  DEFAULT CHARSET=utf8 AUTO_INCREMENT=47 ;

--
-- Dumping data for table `category`
--

INSERT INTO `category` (`id`, `super_categoryId`, `category_name`) VALUES
(1, 1, 'Thùng rác công cộng'),
(2, 2, 'Thùng rác công nghiệp'),
(3, 3, 'Thùng rác y tế'),
(4, 1, 'Thùng rác gia đình'),
(41, 1, 'Thùng rác văn phòng'),
(42, 2, 'Thùng rác cảm ứng'),
(43, 3, 'Thùng rác thép'),
(44, 1, 'Thùng rác nhựa'),
(45, 3, 'Nội thất nhà hàng'),
(46, 3, 'Nội thất nhà hàng khách sạn');

-- --------------------------------------------------------

--
-- Table structure for table `contact`
--

CREATE TABLE IF NOT EXISTS `contact` (
  `id` tinyint(4) NOT NULL AUTO_INCREMENT,
  `content` text,
  PRIMARY KEY (`id`)
) ENGINE=InnoDB  DEFAULT CHARSET=utf8 AUTO_INCREMENT=3 ;

--
-- Dumping data for table `contact`
--

INSERT INTO `contact` (`id`, `content`) VALUES
(2, '<h3>CHỈNH SỬA THÔNG TIN LIÊN LẠC</h3>\r\n\r\n<p> </p>\r\n\r\n<p>You can optionally pass ‘object’ (default) or ‘array’ in order to specify the returned value’s type:</p>\r\n\r\n<p> </p>\r\n\r\n<pre>\r\n$query-&gt;unbuffered_row();               // object\r\n$query-&gt;unbuffered_row(''object'');       // object\r\n$query-&gt;unbuffered_row(''array'');        // associative array\r\n</pre>\r\n\r\n<h2><a href="https://www.codeigniter.com/userguide3/database/results.html#id3">Custom Result Objects</a></h2>\r\n\r\n<p>You can have the results returned as an instance of a custom class instead of a <tt>stdClass</tt> or array, as the <tt>result()</tt> and <tt>result_array()</tt> methods allow. This requires that the class is already loaded into memory. The object will have all values returned from the database set as properties. If these have been declared and are non-public then you should provide a <tt>__set()</tt> method to allow them to be set.</p>\r\n\r\n<p>Example:</p>\r\n');

-- --------------------------------------------------------

--
-- Table structure for table `order`
--

CREATE TABLE IF NOT EXISTS `order` (
  `id` int(11) NOT NULL AUTO_INCREMENT,
  `customer_name` varchar(255) DEFAULT NULL,
  `phone` varchar(12) DEFAULT NULL,
  `product_id_and_qty` text,
  `order_datetime` datetime DEFAULT NULL,
  `status` tinyint(4) DEFAULT '0' COMMENT 'trang thai duyet',
  PRIMARY KEY (`id`)
) ENGINE=InnoDB  DEFAULT CHARSET=utf8 AUTO_INCREMENT=6 ;

--
-- Dumping data for table `order`
--

INSERT INTO `order` (`id`, `customer_name`, `phone`, `product_id_and_qty`, `order_datetime`, `status`) VALUES
(2, 'tuan vu', '01676869501', '112-1', '2016-01-31 09:59:32', 0),
(3, 'tuan vu', '01676869501', '4-2|2-2|5-1', '2016-01-31 23:08:17', 0),
(4, 'tuan vu', '01676869501', '10-1|7-1', '2016-02-01 11:43:42', 0),
(5, 'Lê Thị Rùa (Út Chậm)', '01676869501', '18-1|7-1|8-1|10-1', '2016-02-01 22:15:48', 0);

-- --------------------------------------------------------

--
-- Table structure for table `product`
--

CREATE TABLE IF NOT EXISTS `product` (
  `id` int(10) unsigned NOT NULL AUTO_INCREMENT,
  `category_id` int(10) unsigned NOT NULL,
  `product_name` varchar(100) DEFAULT NULL,
  `image` varchar(200) DEFAULT NULL,
  `detail_image` text,
  `price` int(10) unsigned DEFAULT NULL,
  `size` varchar(100) DEFAULT NULL,
  `substance` varchar(250) DEFAULT NULL,
  `des` text,
  `ribbon` varchar(15) NOT NULL,
  PRIMARY KEY (`id`),
  KEY `category_product` (`category_id`)
) ENGINE=InnoDB  DEFAULT CHARSET=utf8 AUTO_INCREMENT=19 ;

--
-- Dumping data for table `product`
--

INSERT INTO `product` (`id`, `category_id`, `product_name`, `image`, `detail_image`, `price`, `size`, `substance`, `des`, `ribbon`) VALUES
(1, 1, 'Thùng rác 1', 'ad217dcc79ed5bbe5d635c5cc1265862.jpg', 'ad217dcc79ed5bbe5d635c5cc1265862-01454227245.jpg|ad217dcc79ed5bbe5d635c5cc1265862-11454227245.jpg', 300000, '', 'nhựa', '', ''),
(2, 2, 'Thùng rác 2', 'd6f9930780af55c8b99d3667e89229fd-1454227814.jpg', 'd6f9930780af55c8b99d3667e89229fd-01454227787.jpg', 400000, '', '', '', 'SALE'),
(3, 2, 'Thùng rác xe đẩy', '2f7e4debd53564b3a16a0cbda7f9b029.jpg', '', 1000000, '', '', '', 'new'),
(4, 3, 'Thùng rác 3', '4f1a494dfdacc4b3e22b9ce45883594b.jpg', '', 800000, '', '', '', ''),
(5, 41, 'Thùng rác 5', 'b590a634b2aa3ad0425d1c1c3dce14e1.jpg', 'b590a634b2aa3ad0425d1c1c3dce14e1-01454228095.jpg', 1200000, '', '', '', ''),
(6, 43, 'Thùng rác 8', 'dfd9e91f09bce3d5188f73a9c31f57e2.jpg', '', 2500000, '', '', '', ''),
(7, 44, 'Thùng rác 4', 'c797809ce0eb647698e6ae29ad62a28d.jpg', '', 700000, '', '', '', 'siêu rẻ'),
(8, 42, 'Thùng rác 6', '6a903ea071580fdf5f62e61ca2fd854a.jpg', '', 3000000, '', '', '', ''),
(9, 43, 'Thùng rác 7', '3c3cdd6b7a99b94b601b1ba5bbb66d49.jpg', '', 2000000, '', '', '', ''),
(10, 1, 'Thùng rác 9', 'adabe7bc76ed27a04aadbd4abb884412-1454293414.jpg', '', 500000, '', '', '', ''),
(11, 1, 'Thùng rác 43', '878814b4a436831b47410a2e4a12559e.jpg', '', 0, '', '', '', ''),
(18, 3, 'Thùng rác 1000 new', '71095909d46f6e436b861c52cbb33360.jpg', '71095909d46f6e436b861c52cbb33360-11454327850.jpg', 5000000, '', '', '', '');

-- --------------------------------------------------------

--
-- Table structure for table `slider`
--

CREATE TABLE IF NOT EXISTS `slider` (
  `id` int(11) NOT NULL AUTO_INCREMENT,
  `link_slider` varchar(255) DEFAULT NULL,
  `des_slider` varchar(255) DEFAULT NULL,
  PRIMARY KEY (`id`)
) ENGINE=InnoDB  DEFAULT CHARSET=utf8 AUTO_INCREMENT=14 ;

--
-- Dumping data for table `slider`
--

INSERT INTO `slider` (`id`, `link_slider`, `des_slider`) VALUES
(1, 'slide11.jpg', 'day la slide 1'),
(2, 'slide22.jpg', 'Day la slide 2'),
(3, 'slide33.jpg', 'Day la slide 3'),
(12, 'c20ad4d76fe97759aa27a0c99bff6710-1454166145.jpg', 'bo'),
(13, 'c51ce410c124a10e0db5e4b97fc2af39-1454166155.jpg', 'meo');

-- --------------------------------------------------------

--
-- Table structure for table `super_category`
--

CREATE TABLE IF NOT EXISTS `super_category` (
  `id` int(11) NOT NULL AUTO_INCREMENT,
  `super_categoryName` varchar(250) NOT NULL,
  PRIMARY KEY (`id`)
) ENGINE=InnoDB  DEFAULT CHARSET=utf8 AUTO_INCREMENT=5 ;

--
-- Dumping data for table `super_category`
--

INSERT INTO `super_category` (`id`, `super_categoryName`) VALUES
(1, 'SẢN PHẨM THÙNG RÁC'),
(2, 'SẢN PHẨM NHÀ VỆ SINH'),
(3, 'sản phẩm khác'),
(4, 'Test super category abc');

--
-- Constraints for dumped tables
--

--
-- Constraints for table `product`
--
ALTER TABLE `product`
  ADD CONSTRAINT `category_product1` FOREIGN KEY (`category_id`) REFERENCES `category` (`id`);

/*!40101 SET CHARACTER_SET_CLIENT=@OLD_CHARACTER_SET_CLIENT */;
/*!40101 SET CHARACTER_SET_RESULTS=@OLD_CHARACTER_SET_RESULTS */;
/*!40101 SET COLLATION_CONNECTION=@OLD_COLLATION_CONNECTION */;
